Workbook

Sheet 자사매출추정표
B2: 2025년도 매출처별 매출 현황
E3: (단위: 백만원)
B4: 구분 | C4: 매출처 | D4: 매출액 | E4: 경쟁사명
B5: 1
B6: 2
B7: 3
B8: 4
B9: 5
D10: =SUM(D5:D9) -> 0
B12: 향후 1년후 목표 매출액
E13: (단위: 백만원)
B14: 구분 | C14: 매출처 | D14: 매출액 | E14: 경쟁사명
B15: 1
B16: 2
B17: 3
B18: 4
B19: 5
B20: 목표매출액 | D20: =SUM(D15:D19) -> 0

Sheet AS-IS스펙표
B4: (AS-IS) 스펙표
B6: 핵심스펙(기능) | C6: 세부스펙(기능) | D6: 기술적 특성

Sheet 제품속성표
B2: 제품속성서
B3: 제품명 | C3: 고객명 | D3: 세분시장 | E3: 고객 니즈 | F3: 제공혜택 | G3: 제품속성 | H3: 기술 역량

Sheet 제품속성적합도
B2: 제품 속성 적합도
B4: 속성 | C4: 시장 A | E4: 시장 B | G4: 시장 C
C5: 세분화1 | D5: 세분화2 | E5: 세분화1 | F5: 세분화2 | G5: 세분화1 | H5: 세분화2
B6: 속성1
B7: 속성2
B8: 속성3
B9: 속성4
B10: 속성5
B11: 속성6
B12: 속성7
B13: 속성8
B14: 속성9
B15: 속성10
B16: 우선순위 | C16: =RANK(C17,$C$17:$H$17) -> 1 | D16: =RANK(D17,$C$17:$H$17) -> 1 | E16: =RANK(E17,$C$17:$H$17) -> 1 | F16: =RANK(F17,$C$17:$H$17) -> 1 | G16: =RANK(G17,$C$17:$H$17) -> 1 | H16: =RANK(H17,$C$17:$H$17) -> 1
B17: H | C17: =COUNTIF(C$6:C$15,$B17) -> 0 | D17: =COUNTIF(D$6:D$15,$B17) -> 0 | E17: =COUNTIF(E$6:E$15,$B17) -> 0 | F17: =COUNTIF(F$6:F$15,$B17) -> 0 | G17: =COUNTIF(G$6:G$15,$B17) -> 0 | H17: =COUNTIF(H$6:H$15,$B17) -> 0
B18: M | C18: =COUNTIF(C$6:C$15,$B18) -> 0 | D18: =COUNTIF(D$6:D$15,$B18) -> 0 | E18: =COUNTIF(E$6:E$15,$B18) -> 0 | F18: =COUNTIF(F$6:F$15,$B18) -> 0 | G18: =COUNTIF(G$6:G$15,$B18) -> 0 | H18: =COUNTIF(H$6:H$15,$B18) -> 0
B19: L | C19: =COUNTIF(C$6:C$15,$B19) -> 0 | D19: =COUNTIF(D$6:D$15,$B19) -> 0 | E19: =COUNTIF(E$6:E$15,$B19) -> 0 | F19: =COUNTIF(F$6:F$15,$B19) -> 0 | G19: =COUNTIF(G$6:G$15,$B19) -> 0 | H19: =COUNTIF(H$6:H$15,$B19) -> 0
B20: L* | C20: =COUNTIF(C$6:C$15,$B20) -> 0 | D20: =COUNTIF(D$6:D$15,$B20) -> 0 | E20: =COUNTIF(E$6:E$15,$B20) -> 0 | F20: =COUNTIF(F$6:F$15,$B20) -> 0 | G20: =COUNTIF(G$6:G$15,$B20) -> 0 | H20: =COUNTIF(H$6:H$15,$B20) -> 0

Sheet 고객요구사항도출표
B2: 고객요구사항 도출표
B4: 번호 | C4: 항목(검정색 글씨) | D4: 1차 그룹(빨간색 글씨) | E4: 2차 그룹(파란색 글씨)
B5: 1
B6: 2
B7: 3
B8: 4
B9: 5
B10: 6
B11: 7
B12: 8
B13: 9
B14: 10
B15: 11
B16: 12
... B39: 35
B41: 제품컨셉
B44: 제품명

Sheet KANO질문지
E1: 1 | Q1: 2 | AC1: 3 | AO1: 4 | BA1: 5 | BM1: 6 | BZ1: 7 | CL1: 8 | CX1: 9 | DJ1: 10 | DV1: 11 | EH1: 12 | ET1: 13 | FF1: 14 | FR1: 15 | GD1: 16 | GQ1: 17 | HC1: 18 | HO1: 19 | IA1: 20
E2: (1)마음에 든다 | F2: (2)당연하다 | G2: (3)아무런 느낌이 없다 | H2: (4)하는수 없다. | I2: (5)마음에 안든다 | J2: 매력적 | K2: 일원적 | L2: 당연적 | M2: 역(逆) | N2: 무관심 | O2: 회의적 | Q2: (1)마음에 든다 | R2: (2)당연하다 | S2: (3)아무런 느낌이 없다 | T2: (4)하는수 없다. | U2: (5)마음에 안든다 | V2: 매력적 | W2: 일원적 | X2: 당연적 | Y2: 역(逆) | Z2: 무관심 | AA2: 회의적 | AC2: (1)마음에 든다 | AD2: (2)당연하다 | AE2: (3)아무런 느낌이 없다 | AF2: (4)하는수 없다. | AG2: (5)마음에 안든다 | AH2: 매력적 | AI2: 일원적 | AJ2: 당연적 | AK2: 역(逆) | AL2: 무관심 | AM2: 회의적 | AO2: (1)마음에 든다 | AP2: (2)당연하다 | AQ2: (3)아무런 느낌이 없다 | AR2: (4)하는수 없다. | AS2: (5)마음에 안든다 | AT2: 매력적 | AU2: 일원적 | AV2: 당연적 | AW2: 역(逆) | AX2: 무관심 | AY2: 회의적 | BA2: (1)마음에 든다 | BB2: (2)당연하다 | BC2: (3)아무런 느낌이 없다 | BD2: (4)하는수 없다. | BE2: (5)마음에 안든다 | BF2: 매력적 | BG2: 일원적 | BH2: 당연적 | BI2: 역(逆) | BJ2: 무관심 | BK2: 회의적 | BM2: (1)마음에 든다 | BN2: (2)당연하다 | BO2: (3)아무런 느낌이 없다 | BP2: (4)하는수 없다. | BQ2: (5)마음에 안든다 | BR2: (6)기타 | BS2: 매력적 | BT2: 일원적 | BU2: 당연적 | BV2: 역(逆) | BW2: 무관심 | BX2: 회의적 | BZ2: (1)마음에 든다 | CA2: (2)당연하다 | CB2: (3)아무런 느낌이 없다 | CC2: (4)하는수 없다. | CD2: (5)마음에 안든다 | CE2: 매력적 | CF2: 일원적 | CG2: 당연적 | CH2: 역(逆) | CI2: 무관심 | CJ2: 회의적 | CL2: (1)마음에 든다 | CM2: (2)당연하다 | CN2: (3)아무런 느낌이 없다 | CO2: (4)하는수 없다. | CP2: (5)마음에 안든다 | CQ2: 매력적 | CR2: 일원적 | CS2: 당연적 | CT2: 역(逆) | CU2: 무관심 | CV2: 회의적 | CX2: (1)마음에 든다 | CY2: (2)당연하다 | CZ2: (3)아무런 느낌이 없다 | DA2: (4)하는수 없다. | DB2: (5)마음에 안든다 | DC2: 매력적 | DD2: 일원적 | DE2: 당연적 | DF2: 역(逆) | DG2: 무관심 | DH2: 회의적 | DJ2: (1)마음에 든다 | DK2: (2)당연하다 | DL2: (3)아무런 느낌이 없다 | DM2: (4)하는수 없다. | DN2: (5)마음에 안든다 | DO2: 매력적 | DP2: 일원적 | DQ2: 당연적 | DR2: 역(逆) | DS2: 무관심 | DT2: 회의적 | DV2: (1)마음에 든다 | DW2: (2)당연하다 | DX2: (3)아무런 느낌이 없다 | DY2: (4)하는수 없다. | DZ2: (5)마음에 안든다 | EA2: 매력적 | EB2: 일원적 | EC2: 당연적 | ED2: 역(逆) | EE2: 무관심 | EF2: 회의적 | EH2: (1)마음에 든다 | EI2: (2)당연하다 | EJ2: (3)아무런 느낌이 없다 | EK2: (4)하는수 없다. | EL2: (5)마음에 안든다 | EM2: 매력적 | EN2: 일원적 | EO2: 당연적 | EP2: 역(逆) | EQ2: 무관심 | ER2: 회의적 | ET2: (1)마음에 든다 | EU2: (2)당연하다 | EV2: (3)아무런 느낌이 없다 | EW2: (4)하는수 없다. | EX2: (5)마음에 안든다 | EY2: 매력적 | EZ2: 일원적 | FA2: 당연적 | FB2: 역(逆) | FC2: 무관심 | FD2: 회의적 | FF2: (1)마음에 든다 | FG2: (2)당연하다 | FH2: (3)아무런 느낌이 없다 | FI2: (4)하는수 없다. | FJ2: (5)마음에 안든다 | FK2: 매력적 | FL2: 일원적 | FM2: 당연적 | FN2: 역(逆) | FO2: 무관심 | FP2: 회의적 | FR2: (1)마음에 든다 | FS2: (2)당연하다 | FT2: (3)아무런 느낌이 없다 | FU2: (4)하는수 없다. | FV2: (5)마음에 안든다 | FW2: 매력적 | FX2: 일원적 | FY2: 당연적 | FZ2: 역(逆) | GA2: 무관심 | GB2: 회의적 | GD2: (1)마음에 든다 | GE2: (2)당연하다 | GF2: (3)아무런 느낌이 없다 | GG2: (4)하는수 없다. | GH2: (5)마음에 안든다 | GI2: (6)기타 | GJ2: 매력적 | GK2: 일원적 | GL2: 당연적 | GM2: 역(逆) | GN2: 무관심 | GO2: 회의적 | GQ2: (1)마음에 든다 | GR2: (2)당연하다 | GS2: (3)아무런 느낌이 없다 | GT2: (4)하는수 없다. | GU2: (5)마음에 안든다 | GV2: 매력적 | GW2: 일원적 | GX2: 당연적 | GY2: 역(逆) | GZ2: 무관심 | HA2: 회의적 | HC2: (1)마음에 든다 | HD2: (2)당연하다 | HE2: (3)아무런 느낌이 없다 | HF2: (4)하는수 없다. | HG2: (5)마음에 안든다 | HH2: 매력적 | HI2: 일원적 | HJ2: 당연적 | HK2: 역(逆) | HL2: 무관심 | HM2: 회의적 | HO2: (1)마음에 든다 | HP2: (2)당연하다 | HQ2: (3)아무런 느낌이 없다 | HR2: (4)하는수 없다. | HS2: (5)마음에 안든다 | HT2: 매력적 | HU2: 일원적 | HV2: 당연적 | HW2: 역(逆) | HX2: 무관심 | HY2: 회의적 | IA2: (1)마음에 든다 | IB2: (2)당연하다 | IC2: (3)아무런 느낌이 없다 | ID2: (4)하는수 없다. | IE2: (5)마음에 안든다 | IF2: 매력적 | IG2: 일원적 | IH2: 당연적 | II2: 역(逆) | IJ2: 무관심 | IK2: 회의적 | IL2: 매력적 | IM2: 일원적 | IN2: 당연적 | IO2: 역(逆) | IP2: 무관심 | IQ2: 회의적
B3: 1 | C3: =고객요구사항도출표!C5 -> 0 | D3: 긍정적 질문 | J3: =IF(AND(E3="*",OR(F4="*",G4="*",H4="*")), 1,"") | K3: =IF(AND(E3="*",I4="*"),1,"") | L3: =IF(AND(I4="*", OR(F3="*", G3="*",H3="*")),1,"") | M3: =IF(AND(E4="*",OR(F3="*",G3="*",H3="*",I3="*")),1,IF(AND(I3="*",OR(E4="*",F4="*",G4="*",H4="*")),1,"")) | N3: =IF(AND(F3="*",OR(F4="*",G4="*",H4="*")),1,IF(AND(G3="*",OR(F4="*",G4="*",H4="*")),1,IF(AND(H3="*",OR(F4="*",G4="*",H4="*")),1,""))) | O3: =IF(AND(E3="*",E4="*"),1,"") | V3: =IF(AND(Q3="*",OR(R4="*",S4="*",T4="*")), 1,"") | W3: =IF(AND(Q3="*",U4="*"),1,"") | X3: =IF(AND(U4="*", OR(R3="*", S3="*",T3="*")),1,"") | Y3: =IF(AND(Q4="*",OR(R3="*",S3="*",T3="*",U3="*")),1,IF(AND(U3="*",OR(Q4="*",R4="*",S4="*",T4="*")),1,"")) | Z3: =IF(AND(R3="*",OR(R4="*",S4="*",T4="*")),1,IF(AND(S3="*",OR(R4="*",S4="*",T4="*")),1,IF(AND(T3="*",OR(R4="*",S4="*",T4="*")),1,""))) | AA3: =IF(AND(Q3="*",Q4="*"),1,"") | AH3: =IF(AND(AC3="*",OR(AD4="*",AE4="*",AF4="*")), 1,"") | AI3: =IF(AND(AC3="*",AG4="*"),1,"") | AJ3: =IF(AND(AG4="*", OR(AD3="*", AE3="*",AF3="*")),1,"") | AK3: =IF(AND(AC4="*",OR(AD3="*",AE3="*",AF3="*",AG3="*")),1,IF(AND(AG3="*",OR(AC4="*",AD4="*",AE4="*",AF4="*")),1,"")) | AL3: =IF(AND(AD3="*",OR(AD4="*",AE4="*",AF4="*")),1,IF(AND(AE3="*",OR(AD4="*",AE4="*",AF4="*")),1,IF(AND(AF3="*",OR(AD4="*",AE4="*",AF4="*")),1,""))) | AM3: =IF(AND(AC3="*",AC4="*"),1,"") | AT3: =IF(AND(AO3="*",OR(AP4="*",AQ4="*",AR4="*")), 1,"") | AU3: =IF(AND(AO3="*",AS4="*"),1,"") | AV3: =IF(AND(AS4="*", OR(AP3="*", AQ3="*",AR3="*")),1,"") | AW3: =IF(AND(AO4="*",OR(AP3="*",AQ3="*",AR3="*",AS3="*")),1,IF(AND(AS3="*",OR(AO4="*",AP4="*",AQ4="*",AR4="*")),1,"")) | AX3: =IF(AND(AP3="*",OR(AP4="*",AQ4="*",AR4="*")),1,IF(AND(AQ3="*",OR(AP4="*",AQ4="*",AR4="*")),1,IF(AND(AR3="*",OR(AP4="*",AQ4="*",AR4="*")),1,""))) | AY3: =IF(AND(AO3="*",AO4="*"),1,"") | BF3: =IF(AND(BA3="*",OR(BB4="*",BC4="*",BD4="*")), 1,"") | BG3: =IF(AND(BA3="*",BE4="*"),1,"") | BH3: =IF(AND(BE4="*", OR(BB3="*", BC3="*",BD3="*")),1,"") | BI3: =IF(AND(BA4="*",OR(BB3="*",BC3="*",BD3="*",BE3="*")),1,IF(AND(BE3="*",OR(BA4="*",BB4="*",BC4="*",BD4="*")),1,"")) | BJ3: =IF(AND(BB3="*",OR(BB4="*",BC4="*",BD4="*")),1,IF(AND(BC3="*",OR(BB4="*",BC4="*",BD4="*")),1,IF(AND(BD3="*",OR(BB4="*",BC4="*",BD4="*")),1,""))) | BK3: =IF(AND(BA3="*",BA4="*"),1,"") | BS3: =IF(AND(BM3="*",OR(BN4="*",BO4="*",BP4="*")), 1,"") | BT3: =IF(AND(BM3="*",BQ4="*"),1,"") | BU3: =IF(AND(BQ4="*", OR(BN3="*", BO3="*",BP3="*")),1,"") | BV3: =IF(AND(BM4="*",OR(BN3="*",BO3="*",BP3="*",BQ3="*")),1,IF(AND(BQ3="*",OR(BM4="*",BN4="*",BO4="*",BP4="*")),1,"")) | BW3: =IF(AND(BN3="*",OR(BN4="*",BO4="*",BP4="*")),1,IF(AND(BO3="*",OR(BN4="*",BO4="*",BP4="*")),1,IF(AND(BP3="*",OR(BN4="*",BO4="*",BP4="*")),1,""))) | BX3: =IF(AND(BM3="*",BM4="*"),1,"") | CE3: =IF(AND(BZ3="*",OR(CA4="*",CB4="*",CC4="*")), 1,"") | CF3: =IF(AND(BZ3="*",CD4="*"),1,"") | CG3: =IF(AND(CD4="*", OR(CA3="*", CB3="*",CC3="*")),1,"") | CH3: =IF(AND(BZ4="*",OR(CA3="*",CB3="*",CC3="*",CD3="*")),1,IF(AND(CD3="*",OR(BZ4="*",CA4="*",CB4="*",CC4="*")),1,"")) | CI3: =IF(AND(CA3="*",OR(CA4="*",CB4="*",CC4="*")),1,IF(AND(CB3="*",OR(CA4="*",CB4="*",CC4="*")),1,IF(AND(CC3="*",OR(CA4="*",CB4="*",CC4="*")),1,""))) | CJ3: =IF(AND(BZ3="*",BZ4="*"),1,"") | CQ3: =IF(AND(CL3="*",OR(CM4="*",CN4="*",CO4="*")), 1,"") | CR3: =IF(AND(CL3="*",CP4="*"),1,"") | CS3: =IF(AND(CP4="*", OR(CM3="*", CN3="*",CO3="*")),1,"") | CT3: =IF(AND(CL4="*",OR(CM3="*",CN3="*",CO3="*",CP3="*")),1,IF(AND(CP3="*",OR(CL4="*",CM4="*",CN4="*",CO4="*")),1,"")) | CU3: =IF(AND(CM3="*",OR(CM4="*",CN4="*",CO4="*")),1,IF(AND(CN3="*",OR(CM4="*",CN4="*",CO4="*")),1,IF(AND(CO3="*",OR(CM4="*",CN4="*",CO4="*")),1,""))) | CV3: =IF(AND(CL3="*",CL4="*"),1,"") | DC3: =IF(AND(CX3="*",OR(CY4="*",CZ4="*",DA4="*")), 1,"") | DD3: =IF(AND(CX3="*",DB4="*"),1,"") | DE3: =IF(AND(DB4="*", OR(CY3="*", CZ3="*",DA3="*")),1,"") | DF3: =IF(AND(CX4="*",OR(CY3="*",CZ3="*",DA3="*",DB3="*")),1,IF(AND(DB3="*",OR(CX4="*",CY4="*",CZ4="*",DA4="*")),1,"")) | DG3: =IF(AND(CY3="*",OR(CY4="*",CZ4="*",DA4="*")),1,IF(AND(CZ3="*",OR(CY4="*",CZ4="*",DA4="*")),1,IF(AND(DA3="*",OR(CY4="*",CZ4="*",DA4="*")),1,""))) | DH3: =IF(AND(CX3="*",CX4="*"),1,"") | DO3: =IF(AND(DJ3="*",OR(DK4="*",DL4="*",DM4="*")), 1,"") | DP3: =IF(AND(DJ3="*",DN4="*"),1,"") | DQ3: =IF(AND(DN4="*", OR(DK3="*", DL3="*",DM3="*")),1,"") | DR3: =IF(AND(DJ4="*",OR(DK3="*",DL3="*",DM3="*",DN3="*")),1,IF(AND(DN3="*",OR(DJ4="*",DK4="*",DL4="*",DM4="*")),1,"")) | DS3: =IF(AND(DK3="*",OR(DK4="*",DL4="*",DM4="*")),1,IF(AND(DL3="*",OR(DK4="*",DL4="*",DM4="*")),1,IF(AND(DM3="*",OR(DK4="*",DL4="*",DM4="*")),1,""))) | DT3: =IF(AND(DJ3="*",DJ4="*"),1,"") | EA3: =IF(AND(DV3="*",OR(DW4="*",DX4="*",DY4="*")), 1,"") | EB3: =IF(AND(DV3="*",DZ4="*"),1,"") | EC3: =IF(AND(DZ4="*", OR(DW3="*", DX3="*",DY3="*")),1,"") | ED3: =IF(AND(DV4="*",OR(DW3="*",DX3="*",DY3="*",DZ3="*")),1,IF(AND(DZ3="*",OR(DV4="*",DW4="*",DX4="*",DY4="*")),1,"")) | EE3: =IF(AND(DW3="*",OR(DW4="*",DX4="*",DY4="*")),1,IF(AND(DX3="*",OR(DW4="*",DX4="*",DY4="*")),1,IF(AND(DY3="*",OR(DW4="*",DX4="*",DY4="*")),1,""))) | EF3: =IF(AND(DV3="*",DV4="*"),1,"") | EM3: =IF(AND(EH3="*",OR(EI4="*",EJ4="*",EK4="*")), 1,"") | EN3: =IF(AND(EH3="*",EL4="*"),1,"") | EO3: =IF(AND(EL4="*", OR(EI3="*", EJ3="*",EK3="*")),1,"") | EP3: =IF(AND(EH4="*",OR(EI3="*",EJ3="*",EK3="*",EL3="*")),1,IF(AND(EL3="*",OR(EH4="*",EI4="*",EJ4="*",EK4="*")),1,"")) | EQ3: =IF(AND(EI3="*",OR(EI4="*",EJ4="*",EK4="*")),1,IF(AND(EJ3="*",OR(EI4="*",EJ4="*",EK4="*")),1,IF(AND(EK3="*",OR(EI4="*",EJ4="*",EK4="*")),1,""))) | ER3: =IF(AND(EH3="*",EH4="*"),1,"") | EY3: =IF(AND(ET3="*",OR(EU4="*",EV4="*",EW4="*")), 1,"") | EZ3: =IF(AND(ET3="*",EX4="*"),1,"") | FA3: =IF(AND(EX4="*", OR(EU3="*", EV3="*",EW3="*")),1,"") | FB3: =IF(AND(ET4="*",OR(EU3="*",EV3="*",EW3="*",EX3="*")),1,IF(AND(EX3="*",OR(ET4="*",EU4="*",EV4="*",EW4="*")),1,"")) | FC3: =IF(AND(EU3="*",OR(EU4="*",EV4="*",EW4="*")),1,IF(AND(EV3="*",OR(EU4="*",EV4="*",EW4="*")),1,IF(AND(EW3="*",OR(EU4="*",EV4="*",EW4="*")),1,""))) | FD3: =IF(AND(ET3="*",ET4="*"),1,"") | FK3: =IF(AND(FF3="*",OR(FG4="*",FH4="*",FI4="*")), 1,"") | FL3: =IF(AND(FF3="*",FJ4="*"),1,"") | FM3: =IF(AND(FJ4="*", OR(FG3="*", FH3="*",FI3="*")),1,"") | FN3: =IF(AND(FF4="*",OR(FG3="*",FH3="*",FI3="*",FJ3="*")),1,IF(AND(FJ3="*",OR(FF4="*",FG4="*",FH4="*",FI4="*")),1,"")) | FO3: =IF(AND(FG3="*",OR(FG4="*",FH4="*",FI4="*")),1,IF(AND(FH3="*",OR(FG4="*",FH4="*",FI4="*")),1,IF(AND(FI3="*",OR(FG4="*",FH4="*",FI4="*")),1,""))) | FP3: =IF(AND(FF3="*",FF4="*"),1,"") | FW3: =IF(AND(FR3="*",OR(FS4="*",FT4="*",FU4="*")), 1,"") | FX3: =IF(AND(FR3="*",FV4="*"),1,"") | FY3: =IF(AND(FV4="*", OR(FS3="*", FT3="*",FU3="*")),1,"") | FZ3: =IF(AND(FR4="*",OR(FS3="*",FT3="*",FU3="*",FV3="*")),1,IF(AND(FV3="*",OR(FR4="*",FS4="*",FT4="*",FU4="*")),1,"")) | GA3: =IF(AND(FS3="*",OR(FS4="*",FT4="*",FU4="*")),1,IF(AND(FT3="*",OR(FS4="*",FT4="*",FU4="*")),1,IF(AND(FU3="*",OR(FS4="*",FT4="*",FU4="*")),1,""))) | GB3: =IF(AND(FR3="*",FR4="*"),1,"") | GJ3: =IF(AND(GD3="*",OR(GE4="*",GF4="*",GG4="*")), 1,"") | GK3: =IF(AND(GD3="*",GH4="*"),1,"") | GL3: =IF(AND(GH4="*", OR(GE3="*", GF3="*",GG3="*")),1,"") | GM3: =IF(AND(GD4="*",OR(GE3="*",GF3="*",GG3="*",GH3="*")),1,IF(AND(GH3="*",OR(GD4="*",GE4="*",GF4="*",GG4="*")),1,"")) | GN3: =IF(AND(GE3="*",OR(GE4="*",GF4="*",GG4="*")),1,IF(AND(GF3="*",OR(GE4="*",GF4="*",GG4="*")),1,IF(AND(GG3="*",OR(GE4="*",GF4="*",GG4="*")),1,""))) | GO3: =IF(AND(GD3="*",GD4="*"),1,"") | GV3: =IF(AND(GQ3="*",OR(GR4="*",GS4="*",GT4="*")), 1,"") | GW3: =IF(AND(GQ3="*",GU4="*"),1,"") | GX3: =IF(AND(GU4="*", OR(GR3="*", GS3="*",GT3="*")),1,"") | GY3: =IF(AND(GQ4="*",OR(GR3="*",GS3="*",GT3="*",GU3="*")),1,IF(AND(GU3="*",OR(GQ4="*",GR4="*",GS4="*",GT4="*")),1,"")) | GZ3: =IF(AND(GR3="*",OR(GR4="*",GS4="*",GT4="*")),1,IF(AND(GS3="*",OR(GR4="*",GS4="*",GT4="*")),1,IF(AND(GT3="*",OR(GR4="*",GS4="*",GT4="*")),1,""))) | HA3: =IF(AND(GQ3="*",GQ4="*"),1,"") | HH3: =IF(AND(HC3="*",OR(HD4="*",HE4="*",HF4="*")), 1,"") | HI3: =IF(AND(HC3="*",HG4="*"),1,"") | HJ3: =IF(AND(HG4="*", OR(HD3="*", HE3="*",HF3="*")),1,"") | HK3: =IF(AND(HC4="*",OR(HD3="*",HE3="*",HF3="*",HG3="*")),1,IF(AND(HG3="*",OR(HC4="*",HD4="*",HE4="*",HF4="*")),1,"")) | HL3: =IF(AND(HD3="*",OR(HD4="*",HE4="*",HF4="*")),1,IF(AND(HE3="*",OR(HD4="*",HE4="*",HF4="*")),1,IF(AND(HF3="*",OR(HD4="*",HE4="*",HF4="*")),1,""))) | HM3: =IF(AND(HC3="*",HC4="*"),1,"") | HT3: =IF(AND(HO3="*",OR(HP4="*",HQ4="*",HR4="*")), 1,"") | HU3: =IF(AND(HO3="*",HS4="*"),1,"") | HV3: =IF(AND(HS4="*", OR(HP3="*", HQ3="*",HR3="*")),1,"") | HW3: =IF(AND(HO4="*",OR(HP3="*",HQ3="*",HR3="*",HS3="*")),1,IF(AND(HS3="*",OR(HO4="*",HP4="*",HQ4="*",HR4="*")),1,"")) | HX3: =IF(AND(HP3="*",OR(HP4="*",HQ4="*",HR4="*")),1,IF(AND(HQ3="*",OR(HP4="*",HQ4="*",HR4="*")),1,IF(AND(HR3="*",OR(HP4="*",HQ4="*",HR4="*")),1,""))) | HY3: =IF(AND(HO3="*",HO4="*"),1,"") | IF3: =IF(AND(IA3="*",OR(IB4="*",IC4="*",ID4="*")), 1,"") | IG3: =IF(AND(IA3="*",IE4="*"),1,"") | IH3: =IF(AND(IE4="*", OR(IB3="*", IC3="*",ID3="*")),1,"") | II3: =IF(AND(IA4="*",OR(IB3="*",IC3="*",ID3="*",IE3="*")),1,IF(AND(IE3="*",OR(IA4="*",IB4="*",IC4="*",ID4="*")),1,"")) | IJ3: =IF(AND(IB3="*",OR(IB4="*",IC4="*",ID4="*")),1,IF(AND(IC3="*",OR(IB4="*",IC4="*",ID4="*")),1,IF(AND(ID3="*",OR(IB4="*",IC4="*",ID4="*")),1,""))) | IK3: =IF(AND(IA3="*",IA4="*"),1,"") | IL3: =COUNT(J3,V3,AH3,AT3,BF3,BS3,CE3,CQ3,DC3,DO3,EA3,EM3,EY3,FK3,FW3,GJ3,GV3,HH3,HT3,IF3) -> 0 | IM3: =COUNT(K3,W3,AI3,AU3,BG3,BT3,CF3,CR3,DD3,DP3,EB3,EN3,EZ3,FL3,FX3,GK3,GW3,HI3,HU3,IG3) -> 0 | IN3: =COUNT(L3,X3,AJ3,AV3,BH3,BU3,CG3,CS3,DE3,DQ3,EC3,EO3,FA3,FM3,FY3,GL3,GX3,HJ3,HV3,IH3) -> 0 | IO3: =COUNT(M3,Y3,AK3,AW3,BI3,BV3,CH3,CT3,DF3,DR3,ED3,EP3,FB3,FN3,FZ3,GM3,GY3,HK3,HW3,II3) -> 0 | IP3: =COUNT(N3,Z3,AL3,AX3,BJ3,BW3,CI3,CU3,DG3,DS3,EE3,EQ3,FC3,FO3,GA3,GN3,GZ3,HL3,HX3,IJ3) -> 0 | IQ3: =COUNT(O3,AA3,AM3,AY3,BK3,BX3,CJ3,CV3,DH3,DT3,EF3,ER3,FD3,FP3,GB3,GO3,HA3,HM3,HY3,IK3) -> 0
D4: 부정적 질문
B5: 2 | C5: =고객요구사항도출표!C6 -> 0 | D5: 긍정적 질문 | J5: =IF(AND(E5="*",OR(F6="*",G6="*",H6="*")), 1,"") | K5: =IF(AND(E5="*",I6="*"),1,"") | L5: =IF(AND(I6="*", OR(F5="*", G5="*",H5="*")),1,"") | M5: =IF(AND(E6="*",OR(F5="*",G5="*",H5="*",I5="*")),1,IF(AND(I5="*",OR(E6="*",F6="*",G6="*",H6="*")),1,"")) | N5: =IF(AND(F5="*",OR(F6="*",G6="*",H6="*")),1,IF(AND(G5="*",OR(F6="*",G6="*",H6="*")),1,IF(AND(H5="*",OR(F6="*",G6="*",H6="*")),1,""))) | O5: =IF(AND(E5="*",E6="*"),1,"") | V5: =IF(AND(Q5="*",OR(R6="*",S6="*",T6="*")), 1,"") | W5: =IF(AND(Q5="*",U6="*"),1,"") | X5: =IF(AND(U6="*", OR(R5="*", S5="*",T5="*")),1,"") | Y5: =IF(AND(Q6="*",OR(R5="*",S5="*",T5="*",U5="*")),1,IF(AND(U5="*",OR(Q6="*",R6="*",S6="*",T6="*")),1,"")) | Z5: =IF(AND(R5="*",OR(R6="*",S6="*",T6="*")),1,IF(AND(S5="*",OR(R6="*",S6="*",T6="*")),1,IF(AND(T5="*",OR(R6="*",S6="*",T6="*")),1,""))) | AA5: =IF(AND(Q5="*",Q6="*"),1,"") | AH5: =IF(AND(AC5="*",OR(AD6="*",AE6="*",AF6="*")), 1,"") | AI5: =IF(AND(AC5="*",AG6="*"),1,"") | AJ5: =IF(AND(AG6="*", OR(AD5="*", AE5="*",AF5="*")),1,"") | AK5: =IF(AND(AC6="*",OR(AD5="*",AE5="*",AF5="*",AG5="*")),1,IF(AND(AG5="*",OR(AC6="*",AD6="*",AE6="*",AF6="*")),1,"")) | AL5: =IF(AND(AD5="*",OR(AD6="*",AE6="*",AF6="*")),1,IF(AND(AE5="*",OR(AD6="*",AE6="*",AF6="*")),1,IF(AND(AF5="*",OR(AD6="*",AE6="*",AF6="*")),1,""))) | AM5: =IF(AND(AC5="*",AC6="*"),1,"") | AT5: =IF(AND(AO5="*",OR(AP6="*",AQ6="*",AR6="*")), 1,"") | AU5: =IF(AND(AO5="*",AS6="*"),1,"") | AV5: =IF(AND(AS6="*", OR(AP5="*", AQ5="*",AR5="*")),1,"") | AW5: =IF(AND(AO6="*",OR(AP5="*",AQ5="*",AR5="*",AS5="*")),1,IF(AND(AS5="*",OR(AO6="*",AP6="*",AQ6="*",AR6="*")),1,"")) | AX5: =IF(AND(AP5="*",OR(AP6="*",AQ6="*",AR6="*")),1,IF(AND(AQ5="*",OR(AP6="*",AQ6="*",AR6="*")),1,IF(AND(AR5="*",OR(AP6="*",AQ6="*",AR6="*")),1,""))) | AY5: =IF(AND(AO5="*",AO6="*"),1,"") | BF5: =IF(AND(BA5="*",OR(BB6="*",BC6="*",BD6="*")), 1,"") | BG5: =IF(AND(BA5="*",BE6="*"),1,"") | BH5: =IF(AND(BE6="*", OR(BB5="*", BC5="*",BD5="*")),1,"") | BI5: =IF(AND(BA6="*",OR(BB5="*",BC5="*",BD5="*",BE5="*")),1,IF(AND(BE5="*",OR(BA6="*",BB6="*",BC6="*",BD6="*")),1,"")) | BJ5: =IF(AND(BB5="*",OR(BB6="*",BC6="*",BD6="*")),1,IF(AND(BC5="*",OR(BB6="*",BC6="*",BD6="*")),1,IF(AND(BD5="*",OR(BB6="*",BC6="*",BD6="*")),1,""))) | BK5: =IF(AND(BA5="*",BA6="*"),1,"") | BS5: =IF(AND(BM5="*",OR(BN6="*",BO6="*",BP6="*")), 1,"") | BT5: =IF(AND(BM5="*",BQ6="*"),1,"") | BU5: =IF(AND(BQ6="*", OR(BN5="*", BO5="*",BP5="*")),1,"") | BV5: =IF(AND(BM6="*",OR(BN5="*",BO5="*",BP5="*",BQ5="*")),1,IF(AND(BQ5="*",OR(BM6="*",BN6="*",BO6="*",BP6="*")),1,"")) | BW5: =IF(AND(BN5="*",OR(BN6="*",BO6="*",BP6="*")),1,IF(AND(BO5="*",OR(BN6="*",BO6="*",BP6="*")),1,IF(AND(BP5="*",OR(BN6="*",BO6="*",BP6="*")),1,""))) | BX5: =IF(AND(BM5="*",BM6="*"),1,"") | CE5: =IF(AND(BZ5="*",OR(CA6="*",CB6="*",CC6="*")), 1,"") | CF5: =IF(AND(BZ5="*",CD6="*"),1,"") | CG5: =IF(AND(CD6="*", OR(CA5="*", CB5="*",CC5="*")),1,"") | CH5: =IF(AND(BZ6="*",OR(CA5="*",CB5="*",CC5="*",CD5="*")),1,IF(AND(CD5="*",OR(BZ6="*",CA6="*",CB6="*",CC6="*")),1,"")) | CI5: =IF(AND(CA5="*",OR(CA6="*",CB6="*",CC6="*")),1,IF(AND(CB5="*",OR(CA6="*",CB6="*",CC6="*")),1,IF(AND(CC5="*",OR(CA6="*",CB6="*",CC6="*")),1,""))) | CJ5: =IF(AND(BZ5="*",BZ6="*"),1,"") | CQ5: =IF(AND(CL5="*",OR(CM6="*",CN6="*",CO6="*")), 1,"") | CR5: =IF(AND(CL5="*",CP6="*"),1,"") | CS5: =IF(AND(CP6="*", OR(CM5="*", CN5="*",CO5="*")),1,"") | CT5: =IF(AND(CL6="*",OR(CM5="*",CN5="*",CO5="*",CP5="*")),1,IF(AND(CP5="*",OR(CL6="*",CM6="*",CN6="*",CO6="*")),1,"")) | CU5: =IF(AND(CM5="*",OR(CM6="*",CN6="*",CO6="*")),1,IF(AND(CN5="*",OR(CM6="*",CN6="*",CO6="*")),1,IF(AND(CO5="*",OR(CM6="*",CN6="*",CO6="*")),1,""))) | CV5: =IF(AND(CL5="*",CL6="*"),1,"") | DC5: =IF(AND(CX5="*",OR(CY6="*",CZ6="*",DA6="*")), 1,"") | DD5: =IF(AND(CX5="*",DB6="*"),1,"") | DE5: =IF(AND(DB6="*", OR(CY5="*", CZ5="*",DA5="*")),1,"") | DF5: =IF(AND(CX6="*",OR(CY5="*",CZ5="*",DA5="*",DB5="*")),1,IF(AND(DB5="*",OR(CX6="*",CY6="*",CZ6="*",DA6="*")),1,"")) | DG5: =IF(AND(CY5="*",OR(CY6="*",CZ6="*",DA6="*")),1,IF(AND(CZ5="*",OR(CY6="*",CZ6="*",DA6="*")),1,IF(AND(DA5="*",OR(CY6="*",CZ6="*",DA6="*")),1,""))) | DH5: =IF(AND(CX5="*",CX6="*"),1,"") | DO5: =IF(AND(DJ5="*",OR(DK6="*",DL6="*",DM6="*")), 1,"") | DP5: =IF(AND(DJ5="*",DN6="*"),1,"") | DQ5: =IF(AND(DN6="*", OR(DK5="*", DL5="*",DM5="*")),1,"") | DR5: =IF(AND(DJ6="*",OR(DK5="*",DL5="*",DM5="*",DN5="*")),1,IF(AND(DN5="*",OR(DJ6="*",DK6="*",DL6="*",DM6="*")),1,"")) | DS5: =IF(AND(DK5="*",OR(DK6="*",DL6="*",DM6="*")),1,IF(AND(DL5="*",OR(DK6="*",DL6="*",DM6="*")),1,IF(AND(DM5="*",OR(DK6="*",DL6="*",DM6="*")),1,""))) | DT5: =IF(AND(DJ5="*",DJ6="*"),1,"") | EA5: =IF(AND(DV5="*",OR(DW6="*",DX6="*",DY6="*")), 1,"") | EB5: =IF(AND(DV5="*",DZ6="*"),1,"") | EC5: =IF(AND(DZ6="*", OR(DW5="*", DX5="*",DY5="*")),1,"") | ED5: =IF(AND(DV6="*",OR(DW5="*",DX5="*",DY5="*",DZ5="*")),1,IF(AND(DZ5="*",OR(DV6="*",DW6="*",DX6="*",DY6="*")),1,"")) | EE5: =IF(AND(DW5="*",OR(DW6="*",DX6="*",DY6="*")),1,IF(AND(DX5="*",OR(DW6="*",DX6="*",DY6="*")),1,IF(AND(DY5="*",OR(DW6="*",DX6="*",DY6="*")),1,""))) | EF5: =IF(AND(DV5="*",DV6="*"),1,"") | EM5: =IF(AND(EH5="*",OR(EI6="*",EJ6="*",EK6="*")), 1,"") | EN5: =IF(AND(EH5="*",EL6="*"),1,"") | EO5: =IF(AND(EL6="*", OR(EI5="*", EJ5="*",EK5="*")),1,"") | EP5: =IF(AND(EH6="*",OR(EI5="*",EJ5="*",EK5="*",EL5="*")),1,IF(AND(EL5="*",OR(EH6="*",EI6="*",EJ6="*",EK6="*")),1,"")) | EQ5: =IF(AND(EI5="*",OR(EI6="*",EJ6="*",EK6="*")),1,IF(AND(EJ5="*",OR(EI6="*",EJ6="*",EK6="*")),1,IF(AND(EK5="*",OR(EI6="*",EJ6="*",EK6="*")),1,""))) | ER5: =IF(AND(EH5="*",EH6="*"),1,"") | EY5: =IF(AND(ET5="*",OR(EU6="*",EV6="*",EW6="*")), 1,"") | EZ5: =IF(AND(ET5="*",EX6="*"),1,"") | FA5: =IF(AND(EX6="*", OR(EU5="*", EV5="*",EW5="*")),1,"") | FB5: =IF(AND(ET6="*",OR(EU5="*",EV5="*",EW5="*",EX5="*")),1,IF(AND(EX5="*",OR(ET6="*",EU6="*",EV6="*",EW6="*")),1,"")) | FC5: =IF(AND(EU5="*",OR(EU6="*",EV6="*",EW6="*")),1,IF(AND(EV5="*",OR(EU6="*",EV6="*",EW6="*")),1,IF(AND(EW5="*",OR(EU6="*",EV6="*",EW6="*")),1,""))) | FD5: =IF(AND(ET5="*",ET6="*"),1,"") | FK5: =IF(AND(FF5="*",OR(FG6="*",FH6="*",FI6="*")), 1,"") | FL5: =IF(AND(FF5="*",FJ6="*"),1,"") | FM5: =IF(AND(FJ6="*", OR(FG5="*", FH5="*",FI5="*")),1,"") | FN5: =IF(AND(FF6="*",OR(FG5="*",FH5="*",FI5="*",FJ5="*")),1,IF(AND(FJ5="*",OR(FF6="*",FG6="*",FH6="*",FI6="*")),1,"")) | FO5: =IF(AND(FG5="*",OR(FG6="*",FH6="*",FI6="*")),1,IF(AND(FH5="*",OR(FG6="*",FH6="*",FI6="*")),1,IF(AND(FI5="*",OR(FG6="*",FH6="*",FI6="*")),1,""))) | FP5: =IF(AND(FF5="*",FF6="*"),1,"") | FW5: =IF(AND(FR5="*",OR(FS6="*",FT6="*",FU6="*")), 1,"") | FX5: =IF(AND(FR5="*",FV6="*"),1,"") | FY5: =IF(AND(FV6="*", OR(FS5="*", FT5="*",FU5="*")),1,"") | FZ5: =IF(AND(FR6="*",OR(FS5="*",FT5="*",FU5="*",FV5="*")),1,IF(AND(FV5="*",OR(FR6="*",FS6="*",FT6="*",FU6="*")),1,"")) | GA5: =IF(AND(FS5="*",OR(FS6="*",FT6="*",FU6="*")),1,IF(AND(FT5="*",OR(FS6="*",FT6="*",FU6="*")),1,IF(AND(FU5="*",OR(FS6="*",FT6="*",FU6="*")),1,""))) | GB5: =IF(AND(FR5="*",FR6="*"),1,"") | GJ5: =IF(AND(GD5="*",OR(GE6="*",GF6="*",GG6="*")), 1,"") | GK5: =IF(AND(GD5="*",GH6="*"),1,"") | GL5: =IF(AND(GH6="*", OR(GE5="*", GF5="*",GG5="*")),1,"") | GM5: =IF(AND(GD6="*",OR(GE5="*",GF5="*",GG5="*",GH5="*")),1,IF(AND(GH5="*",OR(GD6="*",GE6="*",GF6="*",GG6="*")),1,"")) | GN5: =IF(AND(GE5="*",OR(GE6="*",GF6="*",GG6="*")),1,IF(AND(GF5="*",OR(GE6="*",GF6="*",GG6="*")),1,IF(AND(GG5="*",OR(GE6="*",GF6="*",GG6="*")),1,""))) | GO5: =IF(AND(GD5="*",GD6="*"),1,"") | GV5: =IF(AND(GQ5="*",OR(GR6="*",GS6="*",GT6="*")), 1,"") | GW5: =IF(AND(GQ5="*",GU6="*"),1,"") | GX5: =IF(AND(GU6="*", OR(GR5="*", GS5="*",GT5="*")),1,"") | GY5: =IF(AND(GQ6="*",OR(GR5="*",GS5="*",GT5="*",GU5="*")),1,IF(AND(GU5="*",OR(GQ6="*",GR6="*",GS6="*",GT6="*")),1,"")) | GZ5: =IF(AND(GR5="*",OR(GR6="*",GS6="*",GT6="*")),1,IF(AND(GS5="*",OR(GR6="*",GS6="*",GT6="*")),1,IF(AND(GT5="*",OR(GR6="*",GS6="*",GT6="*")),1,""))) | HA5: =IF(AND(GQ5="*",GQ6="*"),1,"") | HH5: =IF(AND(HC5="*",OR(HD6="*",HE6="*",HF6="*")), 1,"") | HI5: =IF(AND(HC5="*",HG6="*"),1,"") | HJ5: =IF(AND(HG6="*", OR(HD5="*", HE5="*",HF5="*")),1,"") | HK5: =IF(AND(HC6="*",OR(HD5="*",HE5="*",HF5="*",HG5="*")),1,IF(AND(HG5="*",OR(HC6="*",HD6="*",HE6="*",HF6="*")),1,"")) | HL5: =IF(AND(HD5="*",OR(HD6="*",HE6="*",HF6="*")),1,IF(AND(HE5="*",OR(HD6="*",HE6="*",HF6="*")),1,IF(AND(HF5="*",OR(HD6="*",HE6="*",HF6="*")),1,""))) | HM5: =IF(AND(HC5="*",HC6="*"),1,"") | HT5: =IF(AND(HO5="*",OR(HP6="*",HQ6="*",HR6="*")), 1,"") | HU5: =IF(AND(HO5="*",HS6="*"),1,"") | HV5: =IF(AND(HS6="*", OR(HP5="*", HQ5="*",HR5="*")),1,"") | HW5: =IF(AND(HO6="*",OR(HP5="*",HQ5="*",HR5="*",HS5="*")),1,IF(AND(HS5="*",OR(HO6="*",HP6="*",HQ6="*",HR6="*")),1,"")) | HX5: =IF(AND(HP5="*",OR(HP6="*",HQ6="*",HR6="*")),1,IF(AND(HQ5="*",OR(HP6="*",HQ6="*",HR6="*")),1,IF(AND(HR5="*",OR(HP6="*",HQ6="*",HR6="*")),1,""))) | HY5: =IF(AND(HO5="*",HO6="*"),1,"") | IF5: =IF(AND(IA5="*",OR(IB6="*",IC6="*",ID6="*")), 1,"") | IG5: =IF(AND(IA5="*",IE6="*"),1,"") | IH5: =IF(AND(IE6="*", OR(IB5="*", IC5="*",ID5="*")),1,"") | II5: =IF(AND(IA6="*",OR(IB5="*",IC5="*",ID5="*",IE5="*")),1,IF(AND(IE5="*",OR(IA6="*",IB6="*",IC6="*",ID6="*")),1,"")) | IJ5: =IF(AND(IB5="*",OR(IB6="*",IC6="*",ID6="*")),1,IF(AND(IC5="*",OR(IB6="*",IC6="*",ID6="*")),1,IF(AND(ID5="*",OR(IB6="*",IC6="*",ID6="*")),1,""))) | IK5: =IF(AND(IA5="*",IA6="*"),1,"") | IL5: =COUNT(J5,V5,AH5,AT5,BF5,BS5,CE5,CQ5,DC5,DO5,EA5,EM5,EY5,FK5,FW5,GJ5,GV5,HH5,HT5,IF5) -> 0 | IM5: =COUNT(K5,W5,AI5,AU5,BG5,BT5,CF5,CR5,DD5,DP5,EB5,EN5,EZ5,FL5,FX5,GK5,GW5,HI5,HU5,IG5) -> 0 | IN5: =COUNT(L5,X5,AJ5,AV5,BH5,BU5,CG5,CS5,DE5,DQ5,EC5,EO5,FA5,FM5,FY5,GL5,GX5,HJ5,HV5,IH5) -> 0 | IO5: =COUNT(M5,Y5,AK5,AW5,BI5,BV5,CH5,CT5,DF5,DR5,ED5,EP5,FB5,FN5,FZ5,GM5,GY5,HK5,HW5,II5) -> 0 | IP5: =COUNT(N5,Z5,AL5,AX5,BJ5,BW5,CI5,CU5,DG5,DS5,EE5,EQ5,FC5,FO5,GA5,GN5,GZ5,HL5,HX5,IJ5) -> 0 | IQ5: =COUNT(O5,AA5,AM5,AY5,BK5,BX5,CJ5,CV5,DH5,DT5,EF5,ER5,FD5,FP5,GB5,GO5,HA5,HM5,HY5,IK5) -> 0
D6: 부정적 질문
B7: 3 | C7: =고객요구사항도출표!C7 -> 0 | D7: 긍정적 질문 | J7: =IF(AND(E7="*",OR(F8="*",G8="*",H8="*")), 1,"") | K7: =IF(AND(E7="*",I8="*"),1,"") | L7: =IF(AND(I8="*", OR(F7="*", G7="*",H7="*")),1,"") | M7: =IF(AND(E8="*",OR(F7="*",G7="*",H7="*",I7="*")),1,IF(AND(I7="*",OR(E8="*",F8="*",G8="*",H8="*")),1,"")) | N7: =IF(AND(F7="*",OR(F8="*",G8="*",H8="*")),1,IF(AND(G7="*",OR(F8="*",G8="*",H8="*")),1,IF(AND(H7="*",OR(F8="*",G8="*",H8="*")),1,""))) | O7: =IF(AND(E7="*",E8="*"),1,"") | V7: =IF(AND(Q7="*",OR(R8="*",S8="*",T8="*")), 1,"") | W7: =IF(AND(Q7="*",U8="*"),1,"") | X7: =IF(AND(U8="*", OR(R7="*", S7="*",T7="*")),1,"") | Y7: =IF(AND(Q8="*",OR(R7="*",S7="*",T7="*",U7="*")),1,IF(AND(U7="*",OR(Q8="*",R8="*",S8="*",T8="*")),1,"")) | Z7: =IF(AND(R7="*",OR(R8="*",S8="*",T8="*")),1,IF(AND(S7="*",OR(R8="*",S8="*",T8="*")),1,IF(AND(T7="*",OR(R8="*",S8="*",T8="*")),1,""))) | AA7: =IF(AND(Q7="*",Q8="*"),1,"") | AH7: =IF(AND(AC7="*",OR(AD8="*",AE8="*",AF8="*")), 1,"") | AI7: =IF(AND(AC7="*",AG8="*"),1,"") | AJ7: =IF(AND(AG8="*", OR(AD7="*", AE7="*",AF7="*")),1,"") | AK7: =IF(AND(AC8="*",OR(AD7="*",AE7="*",AF7="*",AG7="*")),1,IF(AND(AG7="*",OR(AC8="*",AD8="*",AE8="*",AF8="*")),1,"")) | AL7: =IF(AND(AD7="*",OR(AD8="*",AE8="*",AF8="*")),1,IF(AND(AE7="*",OR(AD8="*",AE8="*",AF8="*")),1,IF(AND(AF7="*",OR(AD8="*",AE8="*",AF8="*")),1,""))) | AM7: =IF(AND(AC7="*",AC8="*"),1,"") | AT7: =IF(AND(AO7="*",OR(AP8="*",AQ8="*",AR8="*")), 1,"") | AU7: =IF(AND(AO7="*",AS8="*"),1,"") | AV7: =IF(AND(AS8="*", OR(AP7="*", AQ7="*",AR7="*")),1,"") | AW7: =IF(AND(AO8="*",OR(AP7="*",AQ7="*",AR7="*",AS7="*")),1,IF(AND(AS7="*",OR(AO8="*",AP8="*",AQ8="*",AR8="*")),1,"")) | AX7: =IF(AND(AP7="*",OR(AP8="*",AQ8="*",AR8="*")),1,IF(AND(AQ7="*",OR(AP8="*",AQ8="*",AR8="*")),1,IF(AND(AR7="*",OR(AP8="*",AQ8="*",AR8="*")),1,""))) | AY7: =IF(AND(AO7="*",AO8="*"),1,"") | BF7: =IF(AND(BA7="*",OR(BB8="*",BC8="*",BD8="*")), 1,"") | BG7: =IF(AND(BA7="*",BE8="*"),1,"") | BH7: =IF(AND(BE8="*", OR(BB7="*", BC7="*",BD7="*")),1,"") | BI7: =IF(AND(BA8="*",OR(BB7="*",BC7="*",BD7="*",BE7="*")),1,IF(AND(BE7="*",OR(BA8="*",BB8="*",BC8="*",BD8="*")),1,"")) | BJ7: =IF(AND(BB7="*",OR(BB8="*",BC8="*",BD8="*")),1,IF(AND(BC7="*",OR(BB8="*",BC8="*",BD8="*")),1,IF(AND(BD7="*",OR(BB8="*",BC8="*",BD8="*")),1,""))) | BK7: =IF(AND(BA7="*",BA8="*"),1,"") | BS7: =IF(AND(BM7="*",OR(BN8="*",BO8="*",BP8="*")), 1,"") | BT7: =IF(AND(BM7="*",BQ8="*"),1,"") | BU7: =IF(AND(BQ8="*", OR(BN7="*", BO7="*",BP7="*")),1,"") | BV7: =IF(AND(BM8="*",OR(BN7="*",BO7="*",BP7="*",BQ7="*")),1,IF(AND(BQ7="*",OR(BM8="*",BN8="*",BO8="*",BP8="*")),1,"")) | BW7: =IF(AND(BN7="*",OR(BN8="*",BO8="*",BP8="*")),1,IF(AND(BO7="*",OR(BN8="*",BO8="*",BP8="*")),1,IF(AND(BP7="*",OR(BN8="*",BO8="*",BP8="*")),1,""))) | BX7: =IF(AND(BM7="*",BM8="*"),1,"") | CE7: =IF(AND(BZ7="*",OR(CA8="*",CB8="*",CC8="*")), 1,"") | CF7: =IF(AND(BZ7="*",CD8="*"),1,"") | CG7: =IF(AND(CD8="*", OR(CA7="*", CB7="*",CC7="*")),1,"") | CH7: =IF(AND(BZ8="*",OR(CA7="*",CB7="*",CC7="*",CD7="*")),1,IF(AND(CD7="*",OR(BZ8="*",CA8="*",CB8="*",CC8="*")),1,"")) | CI7: =IF(AND(CA7="*",OR(CA8="*",CB8="*",CC8="*")),1,IF(AND(CB7="*",OR(CA8="*",CB8="*",CC8="*")),1,IF(AND(CC7="*",OR(CA8="*",CB8="*",CC8="*")),1,""))) | CJ7: =IF(AND(BZ7="*",BZ8="*"),1,"") | CQ7: =IF(AND(CL7="*",OR(CM8="*",CN8="*",CO8="*")), 1,"") | CR7: =IF(AND(CL7="*",CP8="*"),1,"") | CS7: =IF(AND(CP8="*", OR(CM7="*", CN7="*",CO7="*")),1,"") | CT7: =IF(AND(CL8="*",OR(CM7="*",CN7="*",CO7="*",CP7="*")),1,IF(AND(CP7="*",OR(CL8="*",CM8="*",CN8="*",CO8="*")),1,"")) | CU7: =IF(AND(CM7="*",OR(CM8="*",CN8="*",CO8="*")),1,IF(AND(CN7="*",OR(CM8="*",CN8="*",CO8="*")),1,IF(AND(CO7="*",OR(CM8="*",CN8="*",CO8="*")),1,""))) | CV7: =IF(AND(CL7="*",CL8="*"),1,"") | DC7: =IF(AND(CX7="*",OR(CY8="*",CZ8="*",DA8="*")), 1,"") | DD7: =IF(AND(CX7="*",DB8="*"),1,"") | DE7: =IF(AND(DB8="*", OR(CY7="*", CZ7="*",DA7="*")),1,"") | DF7: =IF(AND(CX8="*",OR(CY7="*",CZ7="*",DA7="*",DB7="*")),1,IF(AND(DB7="*",OR(CX8="*",CY8="*",CZ8="*",DA8="*")),1,"")) | DG7: =IF(AND(CY7="*",OR(CY8="*",CZ8="*",DA8="*")),1,IF(AND(CZ7="*",OR(CY8="*",CZ8="*",DA8="*")),1,IF(AND(DA7="*",OR(CY8="*",CZ8="*",DA8="*")),1,""))) | DH7: =IF(AND(CX7="*",CX8="*"),1,"") | DO7: =IF(AND(DJ7="*",OR(DK8="*",DL8="*",DM8="*")), 1,"") | DP7: =IF(AND(DJ7="*",DN8="*"),1,"") | DQ7: =IF(AND(DN8="*", OR(DK7="*", DL7="*",DM7="*")),1,"") | DR7: =IF(AND(DJ8="*",OR(DK7="*",DL7="*",DM7="*",DN7="*")),1,IF(AND(DN7="*",OR(DJ8="*",DK8="*",DL8="*",DM8="*")),1,"")) | DS7: =IF(AND(DK7="*",OR(DK8="*",DL8="*",DM8="*")),1,IF(AND(DL7="*",OR(DK8="*",DL8="*",DM8="*")),1,IF(AND(DM7="*",OR(DK8="*",DL8="*",DM8="*")),1,""))) | DT7: =IF(AND(DJ7="*",DJ8="*"),1,"") | EA7: =IF(AND(DV7="*",OR(DW8="*",DX8="*",DY8="*")), 1,"") | EB7: =IF(AND(DV7="*",DZ8="*"),1,"") | EC7: =IF(AND(DZ8="*", OR(DW7="*", DX7="*",DY7="*")),1,"") | ED7: =IF(AND(DV8="*",OR(DW7="*",DX7="*",DY7="*",DZ7="*")),1,IF(AND(DZ7="*",OR(DV8="*",DW8="*",DX8="*",DY8="*")),1,"")) | EE7: =IF(AND(DW7="*",OR(DW8="*",DX8="*",DY8="*")),1,IF(AND(DX7="*",OR(DW8="*",DX8="*",DY8="*")),1,IF(AND(DY7="*",OR(DW8="*",DX8="*",DY8="*")),1,""))) | EF7: =IF(AND(DV7="*",DV8="*"),1,"") | EM7: =IF(AND(EH7="*",OR(EI8="*",EJ8="*",EK8="*")), 1,"") | EN7: =IF(AND(EH7="*",EL8="*"),1,"") | EO7: =IF(AND(EL8="*", OR(EI7="*", EJ7="*",EK7="*")),1,"") | EP7: =IF(AND(EH8="*",OR(EI7="*",EJ7="*",EK7="*",EL7="*")),1,IF(AND(EL7="*",OR(EH8="*",EI8="*",EJ8="*",EK8="*")),1,"")) | EQ7: =IF(AND(EI7="*",OR(EI8="*",EJ8="*",EK8="*")),1,IF(AND(EJ7="*",OR(EI8="*",EJ8="*",EK8="*")),1,IF(AND(EK7="*",OR(EI8="*",EJ8="*",EK8="*")),1,""))) | ER7: =IF(AND(EH7="*",EH8="*"),1,"") | EY7: =IF(AND(ET7="*",OR(EU8="*",EV8="*",EW8="*")), 1,"") | EZ7: =IF(AND(ET7="*",EX8="*"),1,"") | FA7: =IF(AND(EX8="*", OR(EU7="*", EV7="*",EW7="*")),1,"") | FB7: =IF(AND(ET8="*",OR(EU7="*",EV7="*",EW7="*",EX7="*")),1,IF(AND(EX7="*",OR(ET8="*",EU8="*",EV8="*",EW8="*")),1,"")) | FC7: =IF(AND(EU7="*",OR(EU8="*",EV8="*",EW8="*")),1,IF(AND(EV7="*",OR(EU8="*",EV8="*",EW8="*")),1,IF(AND(EW7="*",OR(EU8="*",EV8="*",EW8="*")),1,""))) | FD7: =IF(AND(ET7="*",ET8="*"),1,"") | FK7: =IF(AND(FF7="*",OR(FG8="*",FH8="*",FI8="*")), 1,"") | FL7: =IF(AND(FF7="*",FJ8="*"),1,"") | FM7: =IF(AND(FJ8="*", OR(FG7="*", FH7="*",FI7="*")),1,"") | FN7: =IF(AND(FF8="*",OR(FG7="*",FH7="*",FI7="*",FJ7="*")),1,IF(AND(FJ7="*",OR(FF8="*",FG8="*",FH8="*",FI8="*")),1,"")) | FO7: =IF(AND(FG7="*",OR(FG8="*",FH8="*",FI8="*")),1,IF(AND(FH7="*",OR(FG8="*",FH8="*",FI8="*")),1,IF(AND(FI7="*",OR(FG8="*",FH8="*",FI8="*")),1,""))) | FP7: =IF(AND(FF7="*",FF8="*"),1,"") | FW7: =IF(AND(FR7="*",OR(FS8="*",FT8="*",FU8="*")), 1,"") | FX7: =IF(AND(FR7="*",FV8="*"),1,"") | FY7: =IF(AND(FV8="*", OR(FS7="*", FT7="*",FU7="*")),1,"") | FZ7: =IF(AND(FR8="*",OR(FS7="*",FT7="*",FU7="*",FV7="*")),1,IF(AND(FV7="*",OR(FR8="*",FS8="*",FT8="*",FU8="*")),1,"")) | GA7: =IF(AND(FS7="*",OR(FS8="*",FT8="*",FU8="*")),1,IF(AND(FT7="*",OR(FS8="*",FT8="*",FU8="*")),1,IF(AND(FU7="*",OR(FS8="*",FT8="*",FU8="*")),1,""))) | GB7: =IF(AND(FR7="*",FR8="*"),1,"") | GJ7: =IF(AND(GD7="*",OR(GE8="*",GF8="*",GG8="*")), 1,"") | GK7: =IF(AND(GD7="*",GH8="*"),1,"") | GL7: =IF(AND(GH8="*", OR(GE7="*", GF7="*",GG7="*")),1,"") | GM7: =IF(AND(GD8="*",OR(GE7="*",GF7="*",GG7="*",GH7="*")),1,IF(AND(GH7="*",OR(GD8="*",GE8="*",GF8="*",GG8="*")),1,"")) | GN7: =IF(AND(GE7="*",OR(GE8="*",GF8="*",GG8="*")),1,IF(AND(GF7="*",OR(GE8="*",GF8="*",GG8="*")),1,IF(AND(GG7="*",OR(GE8="*",GF8="*",GG8="*")),1,""))) | GO7: =IF(AND(GD7="*",GD8="*"),1,"") | GV7: =IF(AND(GQ7="*",OR(GR8="*",GS8="*",GT8="*")), 1,"") | GW7: =IF(AND(GQ7="*",GU8="*"),1,"") | GX7: =IF(AND(GU8="*", OR(GR7="*", GS7="*",GT7="*")),1,"") | GY7: =IF(AND(GQ8="*",OR(GR7="*",GS7="*",GT7="*",GU7="*")),1,IF(AND(GU7="*",OR(GQ8="*",GR8="*",GS8="*",GT8="*")),1,"")) | GZ7: =IF(AND(GR7="*",OR(GR8="*",GS8="*",GT8="*")),1,IF(AND(GS7="*",OR(GR8="*",GS8="*",GT8="*")),1,IF(AND(GT7="*",OR(GR8="*",GS8="*",GT8="*")),1,""))) | HA7: =IF(AND(GQ7="*",GQ8="*"),1,"") | HH7: =IF(AND(HC7="*",OR(HD8="*",HE8="*",HF8="*")), 1,"") | HI7: =IF(AND(HC7="*",HG8="*"),1,"") | HJ7: =IF(AND(HG8="*", OR(HD7="*", HE7="*",HF7="*")),1,"") | HK7: =IF(AND(HC8="*",OR(HD7="*",HE7="*",HF7="*",HG7="*")),1,IF(AND(HG7="*",OR(HC8="*",HD8="*",HE8="*",HF8="*")),1,"")) | HL7: =IF(AND(HD7="*",OR(HD8="*",HE8="*",HF8="*")),1,IF(AND(HE7="*",OR(HD8="*",HE8="*",HF8="*")),1,IF(AND(HF7="*",OR(HD8="*",HE8="*",HF8="*")),1,""))) | HM7: =IF(AND(HC7="*",HC8="*"),1,"") | HT7: =IF(AND(HO7="*",OR(HP8="*",HQ8="*",HR8="*")), 1,"") | HU7: =IF(AND(HO7="*",HS8="*"),1,"") | HV7: =IF(AND(HS8="*", OR(HP7="*", HQ7="*",HR7="*")),1,"") | HW7: =IF(AND(HO8="*",OR(HP7="*",HQ7="*",HR7="*",HS7="*")),1,IF(AND(HS7="*",OR(HO8="*",HP8="*",HQ8="*",HR8="*")),1,"")) | HX7: =IF(AND(HP7="*",OR(HP8="*",HQ8="*",HR8="*")),1,IF(AND(HQ7="*",OR(HP8="*",HQ8="*",HR8="*")),1,IF(AND(HR7="*",OR(HP8="*",HQ8="*",HR8="*")),1,""))) | HY7: =IF(AND(HO7="*",HO8="*"),1,"") | IF7: =IF(AND(IA7="*",OR(IB8="*",IC8="*",ID8="*")), 1,"") | IG7: =IF(AND(IA7="*",IE8="*"),1,"") | IH7: =IF(AND(IE8="*", OR(IB7="*", IC7="*",ID7="*")),1,"") | II7: =IF(AND(IA8="*",OR(IB7="*",IC7="*",ID7="*",IE7="*")),1,IF(AND(IE7="*",OR(IA8="*",IB8="*",IC8="*",ID8="*")),1,"")) | IJ7: =IF(AND(IB7="*",OR(IB8="*",IC8="*",ID8="*")),1,IF(AND(IC7="*",OR(IB8="*",IC8="*",ID8="*")),1,IF(AND(ID7="*",OR(IB8="*",IC8="*",ID8="*")),1,""))) | IK7: =IF(AND(IA7="*",IA8="*"),1,"") | IL7: =COUNT(J7,V7,AH7,AT7,BF7,BS7,CE7,CQ7,DC7,DO7,EA7,EM7,EY7,FK7,FW7,GJ7,GV7,HH7,HT7,IF7) -> 0 | IM7: =COUNT(K7,W7,AI7,AU7,BG7,BT7,CF7,CR7,DD7,DP7,EB7,EN7,EZ7,FL7,FX7,GK7,GW7,HI7,HU7,IG7) -> 0 | IN7: =COUNT(L7,X7,AJ7,AV7,BH7,BU7,CG7,CS7,DE7,DQ7,EC7,EO7,FA7,FM7,FY7,GL7,GX7,HJ7,HV7,IH7) -> 0 | IO7: =COUNT(M7,Y7,AK7,AW7,BI7,BV7,CH7,CT7,DF7,DR7,ED7,EP7,FB7,FN7,FZ7,GM7,GY7,HK7,HW7,II7) -> 0 | IP7: =COUNT(N7,Z7,AL7,AX7,BJ7,BW7,CI7,CU7,DG7,DS7,EE7,EQ7,FC7,FO7,GA7,GN7,GZ7,HL7,HX7,IJ7) -> 0 | IQ7: =COUNT(O7,AA7,AM7,AY7,BK7,BX7,CJ7,CV7,DH7,DT7,EF7,ER7,FD7,FP7,GB7,GO7,HA7,HM7,HY7,IK7) -> 0
D8: 부정적 질문
B9: 4 | C9: =고객요구사항도출표!C8 -> 0 | D9: 긍정적 질문 | J9: =IF(AND(E9="*",OR(F10="*",G10="*",H10="*")), 1,"") | K9: =IF(AND(E9="*",I10="*"),1,"") | L9: =IF(AND(I10="*", OR(F9="*", G9="*",H9="*")),1,"") | M9: =IF(AND(E10="*",OR(F9="*",G9="*",H9="*",I9="*")),1,IF(AND(I9="*",OR(E10="*",F10="*",G10="*",H10="*")),1,"")) | N9: =IF(AND(F9="*",OR(F10="*",G10="*",H10="*")),1,IF(AND(G9="*",OR(F10="*",G10="*",H10="*")),1,IF(AND(H9="*",OR(F10="*",G10="*",H10="*")),1,""))) | O9: =IF(AND(E9="*",E10="*"),1,"") | V9: =IF(AND(Q9="*",OR(R10="*",S10="*",T10="*")), 1,"") | W9: =IF(AND(Q9="*",U10="*"),1,"") | X9: =IF(AND(U10="*", OR(R9="*", S9="*",T9="*")),1,"") | Y9: =IF(AND(Q10="*",OR(R9="*",S9="*",T9="*",U9="*")),1,IF(AND(U9="*",OR(Q10="*",R10="*",S10="*",T10="*")),1,"")) | Z9: =IF(AND(R9="*",OR(R10="*",S10="*",T10="*")),1,IF(AND(S9="*",OR(R10="*",S10="*",T10="*")),1,IF(AND(T9="*",OR(R10="*",S10="*",T10="*")),1,""))) | AA9: =IF(AND(Q9="*",Q10="*"),1,"") | AH9: =IF(AND(AC9="*",OR(AD10="*",AE10="*",AF10="*")), 1,"") | AI9: =IF(AND(AC9="*",AG10="*"),1,"") | AJ9: =IF(AND(AG10="*", OR(AD9="*", AE9="*",AF9="*")),1,"") | AK9: =IF(AND(AC10="*",OR(AD9="*",AE9="*",AF9="*",AG9="*")),1,IF(AND(AG9="*",OR(AC10="*",AD10="*",AE10="*",AF10="*")),1,"")) | AL9: =IF(AND(AD9="*",OR(AD10="*",AE10="*",AF10="*")),1,IF(AND(AE9="*",OR(AD10="*",AE10="*",AF10="*")),1,IF(AND(AF9="*",OR(AD10="*",AE10="*",AF10="*")),1,""))) | AM9: =IF(AND(AC9="*",AC10="*"),1,"") | AT9: =IF(AND(AO9="*",OR(AP10="*",AQ10="*",AR10="*")), 1,"") | AU9: =IF(AND(AO9="*",AS10="*"),1,"") | AV9: =IF(AND(AS10="*", OR(AP9="*", AQ9="*",AR9="*")),1,"") | AW9: =IF(AND(AO10="*",OR(AP9="*",AQ9="*",AR9="*",AS9="*")),1,IF(AND(AS9="*",OR(AO10="*",AP10="*",AQ10="*",AR10="*")),1,"")) | AX9: =IF(AND(AP9="*",OR(AP10="*",AQ10="*",AR10="*")),1,IF(AND(AQ9="*",OR(AP10="*",AQ10="*",AR10="*")),1,IF(AND(AR9="*",OR(AP10="*",AQ10="*",AR10="*")),1,""))) | AY9: =IF(AND(AO9="*",AO10="*"),1,"") | BF9: =IF(AND(BA9="*",OR(BB10="*",BC10="*",BD10="*")), 1,"") | BG9: =IF(AND(BA9="*",BE10="*"),1,"") | BH9: =IF(AND(BE10="*", OR(BB9="*", BC9="*",BD9="*")),1,"") | BI9: =IF(AND(BA10="*",OR(BB9="*",BC9="*",BD9="*",BE9="*")),1,IF(AND(BE9="*",OR(BA10="*",BB10="*",BC10="*",BD10="*")),1,"")) | BJ9: =IF(AND(BB9="*",OR(BB10="*",BC10="*",BD10="*")),1,IF(AND(BC9="*",OR(BB10="*",BC10="*",BD10="*")),1,IF(AND(BD9="*",OR(BB10="*",BC10="*",BD10="*")),1,""))) | BK9: =IF(AND(BA9="*",BA10="*"),1,"") | BS9: =IF(AND(BM9="*",OR(BN10="*",BO10="*",BP10="*")), 1,"") | BT9: =IF(AND(BM9="*",BQ10="*"),1,"") | BU9: =IF(AND(BQ10="*", OR(BN9="*", BO9="*",BP9="*")),1,"") | BV9: =IF(AND(BM10="*",OR(BN9="*",BO9="*",BP9="*",BQ9="*")),1,IF(AND(BQ9="*",OR(BM10="*",BN10="*",BO10="*",BP10="*")),1,"")) | BW9: =IF(AND(BN9="*",OR(BN10="*",BO10="*",BP10="*")),1,IF(AND(BO9="*",OR(BN10="*",BO10="*",BP10="*")),1,IF(AND(BP9="*",OR(BN10="*",BO10="*",BP10="*")),1,""))) | BX9: =IF(AND(BM9="*",BM10="*"),1,"") | CE9: =IF(AND(BZ9="*",OR(CA10="*",CB10="*",CC10="*")), 1,"") | CF9: =IF(AND(BZ9="*",CD10="*"),1,"") | CG9: =IF(AND(CD10="*", OR(CA9="*", CB9="*",CC9="*")),1,"") | CH9: =IF(AND(BZ10="*",OR(CA9="*",CB9="*",CC9="*",CD9="*")),1,IF(AND(CD9="*",OR(BZ10="*",CA10="*",CB10="*",CC10="*")),1,"")) | CI9: =IF(AND(CA9="*",OR(CA10="*",CB10="*",CC10="*")),1,IF(AND(CB9="*",OR(CA10="*",CB10="*",CC10="*")),1,IF(AND(CC9="*",OR(CA10="*",CB10="*",CC10="*")),1,""))) | CJ9: =IF(AND(BZ9="*",BZ10="*"),1,"") | CQ9: =IF(AND(CL9="*",OR(CM10="*",CN10="*",CO10="*")), 1,"") | CR9: =IF(AND(CL9="*",CP10="*"),1,"") | CS9: =IF(AND(CP10="*", OR(CM9="*", CN9="*",CO9="*")),1,"") | CT9: =IF(AND(CL10="*",OR(CM9="*",CN9="*",CO9="*",CP9="*")),1,IF(AND(CP9="*",OR(CL10="*",CM10="*",CN10="*",CO10="*")),1,"")) | CU9: =IF(AND(CM9="*",OR(CM10="*",CN10="*",CO10="*")),1,IF(AND(CN9="*",OR(CM10="*",CN10="*",CO10="*")),1,IF(AND(CO9="*",OR(CM10="*",CN10="*",CO10="*")),1,""))) | CV9: =IF(AND(CL9="*",CL10="*"),1,"") | DC9: =IF(AND(CX9="*",OR(CY10="*",CZ10="*",DA10="*")), 1,"") | DD9: =IF(AND(CX9="*",DB10="*"),1,"") | DE9: =IF(AND(DB10="*", OR(CY9="*", CZ9="*",DA9="*")),1,"") | DF9: =IF(AND(CX10="*",OR(CY9="*",CZ9="*",DA9="*",DB9="*")),1,IF(AND(DB9="*",OR(CX10="*",CY10="*",CZ10="*",DA10="*")),1,"")) | DG9: =IF(AND(CY9="*",OR(CY10="*",CZ10="*",DA10="*")),1,IF(AND(CZ9="*",OR(CY10="*",CZ10="*",DA10="*")),1,IF(AND(DA9="*",OR(CY10="*",CZ10="*",DA10="*")),1,""))) | DH9: =IF(AND(CX9="*",CX10="*"),1,"") | DO9: =IF(AND(DJ9="*",OR(DK10="*",DL10="*",DM10="*")), 1,"") | DP9: =IF(AND(DJ9="*",DN10="*"),1,"") | DQ9: =IF(AND(DN10="*", OR(DK9="*", DL9="*",DM9="*")),1,"") | DR9: =IF(AND(DJ10="*",OR(DK9="*",DL9="*",DM9="*",DN9="*")),1,IF(AND(DN9="*",OR(DJ10="*",DK10="*",DL10="*",DM10="*")),1,"")) | DS9: =IF(AND(DK9="*",OR(DK10="*",DL10="*",DM10="*")),1,IF(AND(DL9="*",OR(DK10="*",DL10="*",DM10="*")),1,IF(AND(DM9="*",OR(DK10="*",DL10="*",DM10="*")),1,""))) | DT9: =IF(AND(DJ9="*",DJ10="*"),1,"") | EA9: =IF(AND(DV9="*",OR(DW10="*",DX10="*",DY10="*")), 1,"") | EB9: =IF(AND(DV9="*",DZ10="*"),1,"") | EC9: =IF(AND(DZ10="*", OR(DW9="*", DX9="*",DY9="*")),1,"") | ED9: =IF(AND(DV10="*",OR(DW9="*",DX9="*",DY9="*",DZ9="*")),1,IF(AND(DZ9="*",OR(DV10="*",DW10="*",DX10="*",DY10="*")),1,"")) | EE9: =IF(AND(DW9="*",OR(DW10="*",DX10="*",DY10="*")),1,IF(AND(DX9="*",OR(DW10="*",DX10="*",DY10="*")),1,IF(AND(DY9="*",OR(DW10="*",DX10="*",DY10="*")),1,""))) | EF9: =IF(AND(DV9="*",DV10="*"),1,"") | EM9: =IF(AND(EH9="*",OR(EI10="*",EJ10="*",EK10="*")), 1,"") | EN9: =IF(AND(EH9="*",EL10="*"),1,"") | EO9: =IF(AND(EL10="*", OR(EI9="*", EJ9="*",EK9="*")),1,"") | EP9: =IF(AND(EH10="*",OR(EI9="*",EJ9="*",EK9="*",EL9="*")),1,IF(AND(EL9="*",OR(EH10="*",EI10="*",EJ10="*",EK10="*")),1,"")) | EQ9: =IF(AND(EI9="*",OR(EI10="*",EJ10="*",EK10="*")),1,IF(AND(EJ9="*",OR(EI10="*",EJ10="*",EK10="*")),1,IF(AND(EK9="*",OR(EI10="*",EJ10="*",EK10="*")),1,""))) | ER9: =IF(AND(EH9="*",EH10="*"),1,"") | EY9: =IF(AND(ET9="*",OR(EU10="*",EV10="*",EW10="*")), 1,"") | EZ9: =IF(AND(ET9="*",EX10="*"),1,"") | FA9: =IF(AND(EX10="*", OR(EU9="*", EV9="*",EW9="*")),1,"") | FB9: =IF(AND(ET10="*",OR(EU9="*",EV9="*",EW9="*",EX9="*")),1,IF(AND(EX9="*",OR(ET10="*",EU10="*",EV10="*",EW10="*")),1,"")) | FC9: =IF(AND(EU9="*",OR(EU10="*",EV10="*",EW10="*")),1,IF(AND(EV9="*",OR(EU10="*",EV10="*",EW10="*")),1,IF(AND(EW9="*",OR(EU10="*",EV10="*",EW10="*")),1,""))) | FD9: =IF(AND(ET9="*",ET10="*"),1,"") | FK9: =IF(AND(FF9="*",OR(FG10="*",FH10="*",FI10="*")), 1,"") | FL9: =IF(AND(FF9="*",FJ10="*"),1,"") | FM9: =IF(AND(FJ10="*", OR(FG9="*", FH9="*",FI9="*")),1,"") | FN9: =IF(AND(FF10="*",OR(FG9="*",FH9="*",FI9="*",FJ9="*")),1,IF(AND(FJ9="*",OR(FF10="*",FG10="*",FH10="*",FI10="*")),1,"")) | FO9: =IF(AND(FG9="*",OR(FG10="*",FH10="*",FI10="*")),1,IF(AND(FH9="*",OR(FG10="*",FH10="*",FI10="*")),1,IF(AND(FI9="*",OR(FG10="*",FH10="*",FI10="*")),1,""))) | FP9: =IF(AND(FF9="*",FF10="*"),1,"") | FW9: =IF(AND(FR9="*",OR(FS10="*",FT10="*",FU10="*")), 1,"") | FX9: =IF(AND(FR9="*",FV10="*"),1,"") | FY9: =IF(AND(FV10="*", OR(FS9="*", FT9="*",FU9="*")),1,"") | FZ9: =IF(AND(FR10="*",OR(FS9="*",FT9="*",FU9="*",FV9="*")),1,IF(AND(FV9="*",OR(FR10="*",FS10="*",FT10="*",FU10="*")),1,"")) | GA9: =IF(AND(FS9="*",OR(FS10="*",FT10="*",FU10="*")),1,IF(AND(FT9="*",OR(FS10="*",FT10="*",FU10="*")),1,IF(AND(FU9="*",OR(FS10="*",FT10="*",FU10="*")),1,""))) | GB9: =IF(AND(FR9="*",FR10="*"),1,"") | GJ9: =IF(AND(GD9="*",OR(GE10="*",GF10="*",GG10="*")), 1,"") | GK9: =IF(AND(GD9="*",GH10="*"),1,"") | GL9: =IF(AND(GH10="*", OR(GE9="*", GF9="*",GG9="*")),1,"") | GM9: =IF(AND(GD10="*",OR(GE9="*",GF9="*",GG9="*",GH9="*")),1,IF(AND(GH9="*",OR(GD10="*",GE10="*",GF10="*",GG10="*")),1,"")) | GN9: =IF(AND(GE9="*",OR(GE10="*",GF10="*",GG10="*")),1,IF(AND(GF9="*",OR(GE10="*",GF10="*",GG10="*")),1,IF(AND(GG9="*",OR(GE10="*",GF10="*",GG10="*")),1,""))) | GO9: =IF(AND(GD9="*",GD10="*"),1,"") | GV9: =IF(AND(GQ9="*",OR(GR10="*",GS10="*",GT10="*")), 1,"") | GW9: =IF(AND(GQ9="*",GU10="*"),1,"") | GX9: =IF(AND(GU10="*", OR(GR9="*", GS9="*",GT9="*")),1,"") | GY9: =IF(AND(GQ10="*",OR(GR9="*",GS9="*",GT9="*",GU9="*")),1,IF(AND(GU9="*",OR(GQ10="*",GR10="*",GS10="*",GT10="*")),1,"")) | GZ9: =IF(AND(GR9="*",OR(GR10="*",GS10="*",GT10="*")),1,IF(AND(GS9="*",OR(GR10="*",GS10="*",GT10="*")),1,IF(AND(GT9="*",OR(GR10="*",GS10="*",GT10="*")),1,""))) | HA9: =IF(AND(GQ9="*",GQ10="*"),1,"") | HH9: =IF(AND(HC9="*",OR(HD10="*",HE10="*",HF10="*")), 1,"") | HI9: =IF(AND(HC9="*",HG10="*"),1,"") | HJ9: =IF(AND(HG10="*", OR(HD9="*", HE9="*",HF9="*")),1,"") | HK9: =IF(AND(HC10="*",OR(HD9="*",HE9="*",HF9="*",HG9="*")),1,IF(AND(HG9="*",OR(HC10="*",HD10="*",HE10="*",HF10="*")),1,"")) | HL9: =IF(AND(HD9="*",OR(HD10="*",HE10="*",HF10="*")),1,IF(AND(HE9="*",OR(HD10="*",HE10="*",HF10="*")),1,IF(AND(HF9="*",OR(HD10="*",HE10="*",HF10="*")),1,""))) | HM9: =IF(AND(HC9="*",HC10="*"),1,"") | HT9: =IF(AND(HO9="*",OR(HP10="*",HQ10="*",HR10="*")), 1,"") | HU9: =IF(AND(HO9="*",HS10="*"),1,"") | HV9: =IF(AND(HS10="*", OR(HP9="*", HQ9="*",HR9="*")),1,"") | HW9: =IF(AND(HO10="*",OR(HP9="*",HQ9="*",HR9="*",HS9="*")),1,IF(AND(HS9="*",OR(HO10="*",HP10="*",HQ10="*",HR10="*")),1,"")) | HX9: =IF(AND(HP9="*",OR(HP10="*",HQ10="*",HR10="*")),1,IF(AND(HQ9="*",OR(HP10="*",HQ10="*",HR10="*")),1,IF(AND(HR9="*",OR(HP10="*",HQ10="*",HR10="*")),1,""))) | HY9: =IF(AND(HO9="*",HO10="*"),1,"") | IF9: =IF(AND(IA9="*",OR(IB10="*",IC10="*",ID10="*")), 1,"") | IG9: =IF(AND(IA9="*",IE10="*"),1,"") | IH9: =IF(AND(IE10="*", OR(IB9="*", IC9="*",ID9="*")),1,"") | II9: =IF(AND(IA10="*",OR(IB9="*",IC9="*",ID9="*",IE9="*")),1,IF(AND(IE9="*",OR(IA10="*",IB10="*",IC10="*",ID10="*")),1,"")) | IJ9: =IF(AND(IB9="*",OR(IB10="*",IC10="*",ID10="*")),1,IF(AND(IC9="*",OR(IB10="*",IC10="*",ID10="*")),1,IF(AND(ID9="*",OR(IB10="*",IC10="*",ID10="*")),1,""))) | IK9: =IF(AND(IA9="*",IA10="*"),1,"") | IL9: =COUNT(J9,V9,AH9,AT9,BF9,BS9,CE9,CQ9,DC9,DO9,EA9,EM9,EY9,FK9,FW9,GJ9,GV9,HH9,HT9,IF9) -> 0 | IM9: =COUNT(K9,W9,AI9,AU9,BG9,BT9,CF9,CR9,DD9,DP9,EB9,EN9,EZ9,FL9,FX9,GK9,GW9,HI9,HU9,IG9) -> 0 | IN9: =COUNT(L9,X9,AJ9,AV9,BH9,BU9,CG9,CS9,DE9,DQ9,EC9,EO9,FA9,FM9,FY9,GL9,GX9,HJ9,HV9,IH9) -> 0 | IO9: =COUNT(M9,Y9,AK9,AW9,BI9,BV9,CH9,CT9,DF9,DR9,ED9,EP9,FB9,FN9,FZ9,GM9,GY9,HK9,HW9,II9) -> 0 | IP9: =COUNT(N9,Z9,AL9,AX9,BJ9,BW9,CI9,CU9,DG9,DS9,EE9,EQ9,FC9,FO9,GA9,GN9,GZ9,HL9,HX9,IJ9) -> 0 | IQ9: =COUNT(O9,AA9,AM9,AY9,BK9,BX9,CJ9,CV9,DH9,DT9,EF9,ER9,FD9,FP9,GB9,GO9,HA9,HM9,HY9,IK9) -> 0
D10: 부정적 질문
B11: 5 | C11: =고객요구사항도출표!C9 -> 0 | D11: 긍정적 질문 | J11: =IF(AND(E11="*",OR(F12="*",G12="*",H12="*")), 1,"") | K11: =IF(AND(E11="*",I12="*"),1,"") | L11: =IF(AND(I12="*", OR(F11="*", G11="*",H11="*")),1,"") | M11: =IF(AND(E12="*",OR(F11="*",G11="*",H11="*",I11="*")),1,IF(AND(I11="*",OR(E12="*",F12="*",G12="*",H12="*")),1,"")) | N11: =IF(AND(F11="*",OR(F12="*",G12="*",H12="*")),1,IF(AND(G11="*",OR(F12="*",G12="*",H12="*")),1,IF(AND(H11="*",OR(F12="*",G12="*",H12="*")),1,""))) | O11: =IF(AND(E11="*",E12="*"),1,"") | V11: =IF(AND(Q11="*",OR(R12="*",S12="*",T12="*")), 1,"") | W11: =IF(AND(Q11="*",U12="*"),1,"") | X11: =IF(AND(U12="*", OR(R11="*", S11="*",T11="*")),1,"") | Y11: =IF(AND(Q12="*",OR(R11="*",S11="*",T11="*",U11="*")),1,IF(AND(U11="*",OR(Q12="*",R12="*",S12="*",T12="*")),1,"")) | Z11: =IF(AND(R11="*",OR(R12="*",S12="*",T12="*")),1,IF(AND(S11="*",OR(R12="*",S12="*",T12="*")),1,IF(AND(T11="*",OR(R12="*",S12="*",T12="*")),1,""))) | AA11: =IF(AND(Q11="*",Q12="*"),1,"") | AH11: =IF(AND(AC11="*",OR(AD12="*",AE12="*",AF12="*")), 1,"") | AI11: =IF(AND(AC11="*",AG12="*"),1,"") | AJ11: =IF(AND(AG12="*", OR(AD11="*", AE11="*",AF11="*")),1,"") | AK11: =IF(AND(AC12="*",OR(AD11="*",AE11="*",AF11="*",AG11="*")),1,IF(AND(AG11="*",OR(AC12="*",AD12="*",AE12="*",AF12="*")),1,"")) | AL11: =IF(AND(AD11="*",OR(AD12="*",AE12="*",AF12="*")),1,IF(AND(AE11="*",OR(AD12="*",AE12="*",AF12="*")),1,IF(AND(AF11="*",OR(AD12="*",AE12="*",AF12="*")),1,""))) | AM11: =IF(AND(AC11="*",AC12="*"),1,"") | AT11: =IF(AND(AO11="*",OR(AP12="*",AQ12="*",AR12="*")), 1,"") | AU11: =IF(AND(AO11="*",AS12="*"),1,"") | AV11: =IF(AND(AS12="*", OR(AP11="*", AQ11="*",AR11="*")),1,"") | AW11: =IF(AND(AO12="*",OR(AP11="*",AQ11="*",AR11="*",AS11="*")),1,IF(AND(AS11="*",OR(AO12="*",AP12="*",AQ12="*",AR12="*")),1,"")) | AX11: =IF(AND(AP11="*",OR(AP12="*",AQ12="*",AR12="*")),1,IF(AND(AQ11="*",OR(AP12="*",AQ12="*",AR12="*")),1,IF(AND(AR11="*",OR(AP12="*",AQ12="*",AR12="*")),1,""))) | AY11: =IF(AND(AO11="*",AO12="*"),1,"") | BF11: =IF(AND(BA11="*",OR(BB12="*",BC12="*",BD12="*")), 1,"") | BG11: =IF(AND(BA11="*",BE12="*"),1,"") | BH11: =IF(AND(BE12="*", OR(BB11="*", BC11="*",BD11="*")),1,"") | BI11: =IF(AND(BA12="*",OR(BB11="*",BC11="*",BD11="*",BE11="*")),1,IF(AND(BE11="*",OR(BA12="*",BB12="*",BC12="*",BD12="*")),1,"")) | BJ11: =IF(AND(BB11="*",OR(BB12="*",BC12="*",BD12="*")),1,IF(AND(BC11="*",OR(BB12="*",BC12="*",BD12="*")),1,IF(AND(BD11="*",OR(BB12="*",BC12="*",BD12="*")),1,""))) | BK11: =IF(AND(BA11="*",BA12="*"),1,"") | BS11: =IF(AND(BM11="*",OR(BN12="*",BO12="*",BP12="*")), 1,"") | BT11: =IF(AND(BM11="*",BQ12="*"),1,"") | BU11: =IF(AND(BQ12="*", OR(BN11="*", BO11="*",BP11="*")),1,"") | BV11: =IF(AND(BM12="*",OR(BN11="*",BO11="*",BP11="*",BQ11="*")),1,IF(AND(BQ11="*",OR(BM12="*",BN12="*",BO12="*",BP12="*")),1,"")) | BW11: =IF(AND(BN11="*",OR(BN12="*",BO12="*",BP12="*")),1,IF(AND(BO11="*",OR(BN12="*",BO12="*",BP12="*")),1,IF(AND(BP11="*",OR(BN12="*",BO12="*",BP12="*")),1,""))) | BX11: =IF(AND(BM11="*",BM12="*"),1,"") | CE11: =IF(AND(BZ11="*",OR(CA12="*",CB12="*",CC12="*")), 1,"") | CF11: =IF(AND(BZ11="*",CD12="*"),1,"") | CG11: =IF(AND(CD12="*", OR(CA11="*", CB11="*",CC11="*")),1,"") | CH11: =IF(AND(BZ12="*",OR(CA11="*",CB11="*",CC11="*",CD11="*")),1,IF(AND(CD11="*",OR(BZ12="*",CA12="*",CB12="*",CC12="*")),1,"")) | CI11: =IF(AND(CA11="*",OR(CA12="*",CB12="*",CC12="*")),1,IF(AND(CB11="*",OR(CA12="*",CB12="*",CC12="*")),1,IF(AND(CC11="*",OR(CA12="*",CB12="*",CC12="*")),1,""))) | CJ11: =IF(AND(BZ11="*",BZ12="*"),1,"") | CQ11: =IF(AND(CL11="*",OR(CM12="*",CN12="*",CO12="*")), 1,"") | CR11: =IF(AND(CL11="*",CP12="*"),1,"") | CS11: =IF(AND(CP12="*", OR(CM11="*", CN11="*",CO11="*")),1,"") | CT11: =IF(AND(CL12="*",OR(CM11="*",CN11="*",CO11="*",CP11="*")),1,IF(AND(CP11="*",OR(CL12="*",CM12="*",CN12="*",CO12="*")),1,"")) | CU11: =IF(AND(CM11="*",OR(CM12="*",CN12="*",CO12="*")),1,IF(AND(CN11="*",OR(CM12="*",CN12="*",CO12="*")),1,IF(AND(CO11="*",OR(CM12="*",CN12="*",CO12="*")),1,""))) | CV11: =IF(AND(CL11="*",CL12="*"),1,"") | DC11: =IF(AND(CX11="*",OR(CY12="*",CZ12="*",DA12="*")), 1,"") | DD11: =IF(AND(CX11="*",DB12="*"),1,"") | DE11: =IF(AND(DB12="*", OR(CY11="*", CZ11="*",DA11="*")),1,"") | DF11: =IF(AND(CX12="*",OR(CY11="*",CZ11="*",DA11="*",DB11="*")),1,IF(AND(DB11="*",OR(CX12="*",CY12="*",CZ12="*",DA12="*")),1,"")) | DG11: =IF(AND(CY11="*",OR(CY12="*",CZ12="*",DA12="*")),1,IF(AND(CZ11="*",OR(CY12="*",CZ12="*",DA12="*")),1,IF(AND(DA11="*",OR(CY12="*",CZ12="*",DA12="*")),1,""))) | DH11: =IF(AND(CX11="*",CX12="*"),1,"") | DO11: =IF(AND(DJ11="*",OR(DK12="*",DL12="*",DM12="*")), 1,"") | DP11: =IF(AND(DJ11="*",DN12="*"),1,"") | DQ11: =IF(AND(DN12="*", OR(DK11="*", DL11="*",DM11="*")),1,"") | DR11: =IF(AND(DJ12="*",OR(DK11="*",DL11="*",DM11="*",DN11="*")),1,IF(AND(DN11="*",OR(DJ12="*",DK12="*",DL12="*",DM12="*")),1,"")) | DS11: =IF(AND(DK11="*",OR(DK12="*",DL12="*",DM12="*")),1,IF(AND(DL11="*",OR(DK12="*",DL12="*",DM12="*")),1,IF(AND(DM11="*",OR(DK12="*",DL12="*",DM12="*")),1,""))) | DT11: =IF(AND(DJ11="*",DJ12="*"),1,"") | EA11: =IF(AND(DV11="*",OR(DW12="*",DX12="*",DY12="*")), 1,"") | EB11: =IF(AND(DV11="*",DZ12="*"),1,"") | EC11: =IF(AND(DZ12="*", OR(DW11="*", DX11="*",DY11="*")),1,"") | ED11: =IF(AND(DV12="*",OR(DW11="*",DX11="*",DY11="*",DZ11="*")),1,IF(AND(DZ11="*",OR(DV12="*",DW12="*",DX12="*",DY12="*")),1,"")) | EE11: =IF(AND(DW11="*",OR(DW12="*",DX12="*",DY12="*")),1,IF(AND(DX11="*",OR(DW12="*",DX12="*",DY12="*")),1,IF(AND(DY11="*",OR(DW12="*",DX12="*",DY12="*")),1,""))) | EF11: =IF(AND(DV11="*",DV12="*"),1,"") | EM11: =IF(AND(EH11="*",OR(EI12="*",EJ12="*",EK12="*")), 1,"") | EN11: =IF(AND(EH11="*",EL12="*"),1,"") | EO11: =IF(AND(EL12="*", OR(EI11="*", EJ11="*",EK11="*")),1,"") | EP11: =IF(AND(EH12="*",OR(EI11="*",EJ11="*",EK11="*",EL11="*")),1,IF(AND(EL11="*",OR(EH12="*",EI12="*",EJ12="*",EK12="*")),1,"")) | EQ11: =IF(AND(EI11="*",OR(EI12="*",EJ12="*",EK12="*")),1,IF(AND(EJ11="*",OR(EI12="*",EJ12="*",EK12="*")),1,IF(AND(EK11="*",OR(EI12="*",EJ12="*",EK12="*")),1,""))) | ER11: =IF(AND(EH11="*",EH12="*"),1,"") | EY11: =IF(AND(ET11="*",OR(EU12="*",EV12="*",EW12="*")), 1,"") | EZ11: =IF(AND(ET11="*",EX12="*"),1,"") | FA11: =IF(AND(EX12="*", OR(EU11="*", EV11="*",EW11="*")),1,"") | FB11: =IF(AND(ET12="*",OR(EU11="*",EV11="*",EW11="*",EX11="*")),1,IF(AND(EX11="*",OR(ET12="*",EU12="*",EV12="*",EW12="*")),1,"")) | FC11: =IF(AND(EU11="*",OR(EU12="*",EV12="*",EW12="*")),1,IF(AND(EV11="*",OR(EU12="*",EV12="*",EW12="*")),1,IF(AND(EW11="*",OR(EU12="*",EV12="*",EW12="*")),1,""))) | FD11: =IF(AND(ET11="*",ET12="*"),1,"") | FK11: =IF(AND(FF11="*",OR(FG12="*",FH12="*",FI12="*")), 1,"") | FL11: =IF(AND(FF11="*",FJ12="*"),1,"") | FM11: =IF(AND(FJ12="*", OR(FG11="*", FH11="*",FI11="*")),1,"") | FN11: =IF(AND(FF12="*",OR(FG11="*",FH11="*",FI11="*",FJ11="*")),1,IF(AND(FJ11="*",OR(FF12="*",FG12="*",FH12="*",FI12="*")),1,"")) | FO11: =IF(AND(FG11="*",OR(FG12="*",FH12="*",FI12="*")),1,IF(AND(FH11="*",OR(FG12="*",FH12="*",FI12="*")),1,IF(AND(FI11="*",OR(FG12="*",FH12="*",FI12="*")),1,""))) | FP11: =IF(AND(FF11="*",FF12="*"),1,"") | FW11: =IF(AND(FR11="*",OR(FS12="*",FT12="*",FU12="*")), 1,"") | FX11: =IF(AND(FR11="*",FV12="*"),1,"") | FY11: =IF(AND(FV12="*", OR(FS11="*", FT11="*",FU11="*")),1,"") | FZ11: =IF(AND(FR12="*",OR(FS11="*",FT11="*",FU11="*",FV11="*")),1,IF(AND(FV11="*",OR(FR12="*",FS12="*",FT12="*",FU12="*")),1,"")) | GA11: =IF(AND(FS11="*",OR(FS12="*",FT12="*",FU12="*")),1,IF(AND(FT11="*",OR(FS12="*",FT12="*",FU12="*")),1,IF(AND(FU11="*",OR(FS12="*",FT12="*",FU12="*")),1,""))) | GB11: =IF(AND(FR11="*",FR12="*"),1,"") | GJ11: =IF(AND(GD11="*",OR(GE12="*",GF12="*",GG12="*")), 1,"") | GK11: =IF(AND(GD11="*",GH12="*"),1,"") | GL11: =IF(AND(GH12="*", OR(GE11="*", GF11="*",GG11="*")),1,"") | GM11: =IF(AND(GD12="*",OR(GE11="*",GF11="*",GG11="*",GH11="*")),1,IF(AND(GH11="*",OR(GD12="*",GE12="*",GF12="*",GG12="*")),1,"")) | GN11: =IF(AND(GE11="*",OR(GE12="*",GF12="*",GG12="*")),1,IF(AND(GF11="*",OR(GE12="*",GF12="*",GG12="*")),1,IF(AND(GG11="*",OR(GE12="*",GF12="*",GG12="*")),1,""))) | GO11: =IF(AND(GD11="*",GD12="*"),1,"") | GV11: =IF(AND(GQ11="*",OR(GR12="*",GS12="*",GT12="*")), 1,"") | GW11: =IF(AND(GQ11="*",GU12="*"),1,"") | GX11: =IF(AND(GU12="*", OR(GR11="*", GS11="*",GT11="*")),1,"") | GY11: =IF(AND(GQ12="*",OR(GR11="*",GS11="*",GT11="*",GU11="*")),1,IF(AND(GU11="*",OR(GQ12="*",GR12="*",GS12="*",GT12="*")),1,"")) | GZ11: =IF(AND(GR11="*",OR(GR12="*",GS12="*",GT12="*")),1,IF(AND(GS11="*",OR(GR12="*",GS12="*",GT12="*")),1,IF(AND(GT11="*",OR(GR12="*",GS12="*",GT12="*")),1,""))) | HA11: =IF(AND(GQ11="*",GQ12="*"),1,"") | HH11: =IF(AND(HC11="*",OR(HD12="*",HE12="*",HF12="*")), 1,"") | HI11: =IF(AND(HC11="*",HG12="*"),1,"") | HJ11: =IF(AND(HG12="*", OR(HD11="*", HE11="*",HF11="*")),1,"") | HK11: =IF(AND(HC12="*",OR(HD11="*",HE11="*",HF11="*",HG11="*")),1,IF(AND(HG11="*",OR(HC12="*",HD12="*",HE12="*",HF12="*")),1,"")) | HL11: =IF(AND(HD11="*",OR(HD12="*",HE12="*",HF12="*")),1,IF(AND(HE11="*",OR(HD12="*",HE12="*",HF12="*")),1,IF(AND(HF11="*",OR(HD12="*",HE12="*",HF12="*")),1,""))) | HM11: =IF(AND(HC11="*",HC12="*"),1,"") | HT11: =IF(AND(HO11="*",OR(HP12="*",HQ12="*",HR12="*")), 1,"") | HU11: =IF(AND(HO11="*",HS12="*"),1,"") | HV11: =IF(AND(HS12="*", OR(HP11="*", HQ11="*",HR11="*")),1,"") | HW11: =IF(AND(HO12="*",OR(HP11="*",HQ11="*",HR11="*",HS11="*")),1,IF(AND(HS11="*",OR(HO12="*",HP12="*",HQ12="*",HR12="*")),1,"")) | HX11: =IF(AND(HP11="*",OR(HP12="*",HQ12="*",HR12="*")),1,IF(AND(HQ11="*",OR(HP12="*",HQ12="*",HR12="*")),1,IF(AND(HR11="*",OR(HP12="*",HQ12="*",HR12="*")),1,""))) | HY11: =IF(AND(HO11="*",HO12="*"),1,"") | IF11: =IF(AND(IA11="*",OR(IB12="*",IC12="*",ID12="*")), 1,"") | IG11: =IF(AND(IA11="*",IE12="*"),1,"") | IH11: =IF(AND(IE12="*", OR(IB11="*", IC11="*",ID11="*")),1,"") | II11: =IF(AND(IA12="*",OR(IB11="*",IC11="*",ID11="*",IE11="*")),1,IF(AND(IE11="*",OR(IA12="*",IB12="*",IC12="*",ID12="*")),1,"")) | IJ11: =IF(AND(IB11="*",OR(IB12="*",IC12="*",ID12="*")),1,IF(AND(IC11="*",OR(IB12="*",IC12="*",ID12="*")),1,IF(AND(ID11="*",OR(IB12="*",IC12="*",ID12="*")),1,""))) | IK11: =IF(AND(IA11="*",IA12="*"),1,"") | IL11: =COUNT(J11,V11,AH11,AT11,BF11,BS11,CE11,CQ11,DC11,DO11,EA11,EM11,EY11,FK11,FW11,GJ11,GV11,HH11,HT11,IF11) -> 0 | IM11: =COUNT(K11,W11,AI11,AU11,BG11,BT11,CF11,CR11,DD11,DP11,EB11,EN11,EZ11,FL11,FX11,GK11,GW11,HI11,HU11,IG11) -> 0 | IN11: =COUNT(L11,X11,AJ11,AV11,BH11,BU11,CG11,CS11,DE11,DQ11,EC11,EO11,FA11,FM11,FY11,GL11,GX11,HJ11,HV11,IH11) -> 0 | IO11: =COUNT(M11,Y11,AK11,AW11,BI11,BV11,CH11,CT11,DF11,DR11,ED11,EP11,FB11,FN11,FZ11,GM11,GY11,HK11,HW11,II11) -> 0 | IP11: =COUNT(N11,Z11,AL11,AX11,BJ11,BW11,CI11,CU11,DG11,DS11,EE11,EQ11,FC11,FO11,GA11,GN11,GZ11,HL11,HX11,IJ11) -> 0 | IQ11: =COUNT(O11,AA11,AM11,AY11,BK11,BX11,CJ11,CV11,DH11,DT11,EF11,ER11,FD11,FP11,GB11,GO11,HA11,HM11,HY11,IK11) -> 0
D12: 부정적 질문
B13: 6 | C13: =고객요구사항도출표!C10 -> 0 | D13: 긍정적 질문 | J13: =IF(AND(E13="*",OR(F14="*",G14="*",H14="*")), 1,"") | K13: =IF(AND(E13="*",I14="*"),1,"") | L13: =IF(AND(I14="*", OR(F13="*", G13="*",H13="*")),1,"") | M13: =IF(AND(E14="*",OR(F13="*",G13="*",H13="*",I13="*")),1,IF(AND(I13="*",OR(E14="*",F14="*",G14="*",H14="*")),1,"")) | N13: =IF(AND(F13="*",OR(F14="*",G14="*",H14="*")),1,IF(AND(G13="*",OR(F14="*",G14="*",H14="*")),1,IF(AND(H13="*",OR(F14="*",G14="*",H14="*")),1,""))) | O13: =IF(AND(E13="*",E14="*"),1,"") | V13: =IF(AND(Q13="*",OR(R14="*",S14="*",T14="*")), 1,"") | W13: =IF(AND(Q13="*",U14="*"),1,"") | X13: =IF(AND(U14="*", OR(R13="*", S13="*",T13="*")),1,"") | Y13: =IF(AND(Q14="*",OR(R13="*",S13="*",T13="*",U13="*")),1,IF(AND(U13="*",OR(Q14="*",R14="*",S14="*",T14="*")),1,"")) | Z13: =IF(AND(R13="*",OR(R14="*",S14="*",T14="*")),1,IF(AND(S13="*",OR(R14="*",S14="*",T14="*")),1,IF(AND(T13="*",OR(R14="*",S14="*",T14="*")),1,""))) | AA13: =IF(AND(Q13="*",Q14="*"),1,"") | AH13: =IF(AND(AC13="*",OR(AD14="*",AE14="*",AF14="*")), 1,"") | AI13: =IF(AND(AC13="*",AG14="*"),1,"") | AJ13: =IF(AND(AG14="*", OR(AD13="*", AE13="*",AF13="*")),1,"") | AK13: =IF(AND(AC14="*",OR(AD13="*",AE13="*",AF13="*",AG13="*")),1,IF(AND(AG13="*",OR(AC14="*",AD14="*",AE14="*",AF14="*")),1,"")) | AL13: =IF(AND(AD13="*",OR(AD14="*",AE14="*",AF14="*")),1,IF(AND(AE13="*",OR(AD14="*",AE14="*",AF14="*")),1,IF(AND(AF13="*",OR(AD14="*",AE14="*",AF14="*")),1,""))) | AM13: =IF(AND(AC13="*",AC14="*"),1,"") | AT13: =IF(AND(AO13="*",OR(AP14="*",AQ14="*",AR14="*")), 1,"") | AU13: =IF(AND(AO13="*",AS14="*"),1,"") | AV13: =IF(AND(AS14="*", OR(AP13="*", AQ13="*",AR13="*")),1,"") | AW13: =IF(AND(AO14="*",OR(AP13="*",AQ13="*",AR13="*",AS13="*")),1,IF(AND(AS13="*",OR(AO14="*",AP14="*",AQ14="*",AR14="*")),1,"")) | AX13: =IF(AND(AP13="*",OR(AP14="*",AQ14="*",AR14="*")),1,IF(AND(AQ13="*",OR(AP14="*",AQ14="*",AR14="*")),1,IF(AND(AR13="*",OR(AP14="*",AQ14="*",AR14="*")),1,""))) | AY13: =IF(AND(AO13="*",AO14="*"),1,"") | BF13: =IF(AND(BA13="*",OR(BB14="*",BC14="*",BD14="*")), 1,"") | BG13: =IF(AND(BA13="*",BE14="*"),1,"") | BH13: =IF(AND(BE14="*", OR(BB13="*", BC13="*",BD13="*")),1,"") | BI13: =IF(AND(BA14="*",OR(BB13="*",BC13="*",BD13="*",BE13="*")),1,IF(AND(BE13="*",OR(BA14="*",BB14="*",BC14="*",BD14="*")),1,"")) | BJ13: =IF(AND(BB13="*",OR(BB14="*",BC14="*",BD14="*")),1,IF(AND(BC13="*",OR(BB14="*",BC14="*",BD14="*")),1,IF(AND(BD13="*",OR(BB14="*",BC14="*",BD14="*")),1,""))) | BK13: =IF(AND(BA13="*",BA14="*"),1,"") | BS13: =IF(AND(BM13="*",OR(BN14="*",BO14="*",BP14="*")), 1,"") | BT13: =IF(AND(BM13="*",BQ14="*"),1,"") | BU13: =IF(AND(BQ14="*", OR(BN13="*", BO13="*",BP13="*")),1,"") | BV13: =IF(AND(BM14="*",OR(BN13="*",BO13="*",BP13="*",BQ13="*")),1,IF(AND(BQ13="*",OR(BM14="*",BN14="*",BO14="*",BP14="*")),1,"")) | BW13: =IF(AND(BN13="*",OR(BN14="*",BO14="*",BP14="*")),1,IF(AND(BO13="*",OR(BN14="*",BO14="*",BP14="*")),1,IF(AND(BP13="*",OR(BN14="*",BO14="*",BP14="*")),1,""))) | BX13: =IF(AND(BM13="*",BM14="*"),1,"") | CE13: =IF(AND(BZ13="*",OR(CA14="*",CB14="*",CC14="*")), 1,"") | CF13: =IF(AND(BZ13="*",CD14="*"),1,"") | CG13: =IF(AND(CD14="*", OR(CA13="*", CB13="*",CC13="*")),1,"") | CH13: =IF(AND(BZ14="*",OR(CA13="*",CB13="*",CC13="*",CD13="*")),1,IF(AND(CD13="*",OR(BZ14="*",CA14="*",CB14="*",CC14="*")),1,"")) | CI13: =IF(AND(CA13="*",OR(CA14="*",CB14="*",CC14="*")),1,IF(AND(CB13="*",OR(CA14="*",CB14="*",CC14="*")),1,IF(AND(CC13="*",OR(CA14="*",CB14="*",CC14="*")),1,""))) | CJ13: =IF(AND(BZ13="*",BZ14="*"),1,"") | CQ13: =IF(AND(CL13="*",OR(CM14="*",CN14="*",CO14="*")), 1,"") | CR13: =IF(AND(CL13="*",CP14="*"),1,"") | CS13: =IF(AND(CP14="*", OR(CM13="*", CN13="*",CO13="*")),1,"") | CT13: =IF(AND(CL14="*",OR(CM13="*",CN13="*",CO13="*",CP13="*")),1,IF(AND(CP13="*",OR(CL14="*",CM14="*",CN14="*",CO14="*")),1,"")) | CU13: =IF(AND(CM13="*",OR(CM14="*",CN14="*",CO14="*")),1,IF(AND(CN13="*",OR(CM14="*",CN14="*",CO14="*")),1,IF(AND(CO13="*",OR(CM14="*",CN14="*",CO14="*")),1,""))) | CV13: =IF(AND(CL13="*",CL14="*"),1,"") | DC13: =IF(AND(CX13="*",OR(CY14="*",CZ14="*",DA14="*")), 1,"") | DD13: =IF(AND(CX13="*",DB14="*"),1,"") | DE13: =IF(AND(DB14="*", OR(CY13="*", CZ13="*",DA13="*")),1,"") | DF13: =IF(AND(CX14="*",OR(CY13="*",CZ13="*",DA13="*",DB13="*")),1,IF(AND(DB13="*",OR(CX14="*",CY14="*",CZ14="*",DA14="*")),1,"")) | DG13: =IF(AND(CY13="*",OR(CY14="*",CZ14="*",DA14="*")),1,IF(AND(CZ13="*",OR(CY14="*",CZ14="*",DA14="*")),1,IF(AND(DA13="*",OR(CY14="*",CZ14="*",DA14="*")),1,""))) | DH13: =IF(AND(CX13="*",CX14="*"),1,"") | DO13: =IF(AND(DJ13="*",OR(DK14="*",DL14="*",DM14="*")), 1,"") | DP13: =IF(AND(DJ13="*",DN14="*"),1,"") | DQ13: =IF(AND(DN14="*", OR(DK13="*", DL13="*",DM13="*")),1,"") | DR13: =IF(AND(DJ14="*",OR(DK13="*",DL13="*",DM13="*",DN13="*")),1,IF(AND(DN13="*",OR(DJ14="*",DK14="*",DL14="*",DM14="*")),1,"")) | DS13: =IF(AND(DK13="*",OR(DK14="*",DL14="*",DM14="*")),1,IF(AND(DL13="*",OR(DK14="*",DL14="*",DM14="*")),1,IF(AND(DM13="*",OR(DK14="*",DL14="*",DM14="*")),1,""))) | DT13: =IF(AND(DJ13="*",DJ14="*"),1,"") | EA13: =IF(AND(DV13="*",OR(DW14="*",DX14="*",DY14="*")), 1,"") | EB13: =IF(AND(DV13="*",DZ14="*"),1,"") | EC13: =IF(AND(DZ14="*", OR(DW13="*", DX13="*",DY13="*")),1,"") | ED13: =IF(AND(DV14="*",OR(DW13="*",DX13="*",DY13="*",DZ13="*")),1,IF(AND(DZ13="*",OR(DV14="*",DW14="*",DX14="*",DY14="*")),1,"")) | EE13: =IF(AND(DW13="*",OR(DW14="*",DX14="*",DY14="*")),1,IF(AND(DX13="*",OR(DW14="*",DX14="*",DY14="*")),1,IF(AND(DY13="*",OR(DW14="*",DX14="*",DY14="*")),1,""))) | EF13: =IF(AND(DV13="*",DV14="*"),1,"") | EM13: =IF(AND(EH13="*",OR(EI14="*",EJ14="*",EK14="*")), 1,"") | EN13: =IF(AND(EH13="*",EL14="*"),1,"") | EO13: =IF(AND(EL14="*", OR(EI13="*", EJ13="*",EK13="*")),1,"") | EP13: =IF(AND(EH14="*",OR(EI13="*",EJ13="*",EK13="*",EL13="*")),1,IF(AND(EL13="*",OR(EH14="*",EI14="*",EJ14="*",EK14="*")),1,"")) | EQ13: =IF(AND(EI13="*",OR(EI14="*",EJ14="*",EK14="*")),1,IF(AND(EJ13="*",OR(EI14="*",EJ14="*",EK14="*")),1,IF(AND(EK13="*",OR(EI14="*",EJ14="*",EK14="*")),1,""))) | ER13: =IF(AND(EH13="*",EH14="*"),1,"") | EY13: =IF(AND(ET13="*",OR(EU14="*",EV14="*",EW14="*")), 1,"") | EZ13: =IF(AND(ET13="*",EX14="*"),1,"") | FA13: =IF(AND(EX14="*", OR(EU13="*", EV13="*",EW13="*")),1,"") | FB13: =IF(AND(ET14="*",OR(EU13="*",EV13="*",EW13="*",EX13="*")),1,IF(AND(EX13="*",OR(ET14="*",EU14="*",EV14="*",EW14="*")),1,"")) | FC13: =IF(AND(EU13="*",OR(EU14="*",EV14="*",EW14="*")),1,IF(AND(EV13="*",OR(EU14="*",EV14="*",EW14="*")),1,IF(AND(EW13="*",OR(EU14="*",EV14="*",EW14="*")),1,""))) | FD13: =IF(AND(ET13="*",ET14="*"),1,"") | FK13: =IF(AND(FF13="*",OR(FG14="*",FH14="*",FI14="*")), 1,"") | FL13: =IF(AND(FF13="*",FJ14="*"),1,"") | FM13: =IF(AND(FJ14="*", OR(FG13="*", FH13="*",FI13="*")),1,"") | FN13: =IF(AND(FF14="*",OR(FG13="*",FH13="*",FI13="*",FJ13="*")),1,IF(AND(FJ13="*",OR(FF14="*",FG14="*",FH14="*",FI14="*")),1,"")) | FO13: =IF(AND(FG13="*",OR(FG14="*",FH14="*",FI14="*")),1,IF(AND(FH13="*",OR(FG14="*",FH14="*",FI14="*")),1,IF(AND(FI13="*",OR(FG14="*",FH14="*",FI14="*")),1,""))) | FP13: =IF(AND(FF13="*",FF14="*"),1,"") | FW13: =IF(AND(FR13="*",OR(FS14="*",FT14="*",FU14="*")), 1,"") | FX13: =IF(AND(FR13="*",FV14="*"),1,"") | FY13: =IF(AND(FV14="*", OR(FS13="*", FT13="*",FU13="*")),1,"") | FZ13: =IF(AND(FR14="*",OR(FS13="*",FT13="*",FU13="*",FV13="*")),1,IF(AND(FV13="*",OR(FR14="*",FS14="*",FT14="*",FU14="*")),1,"")) | GA13: =IF(AND(FS13="*",OR(FS14="*",FT14="*",FU14="*")),1,IF(AND(FT13="*",OR(FS14="*",FT14="*",FU14="*")),1,IF(AND(FU13="*",OR(FS14="*",FT14="*",FU14="*")),1,""))) | GB13: =IF(AND(FR13="*",FR14="*"),1,"") | GJ13: =IF(AND(GD13="*",OR(GE14="*",GF14="*",GG14="*")), 1,"") | GK13: =IF(AND(GD13="*",GH14="*"),1,"") | GL13: =IF(AND(GH14="*", OR(GE13="*", GF13="*",GG13="*")),1,"") | GM13: =IF(AND(GD14="*",OR(GE13="*",GF13="*",GG13="*",GH13="*")),1,IF(AND(GH13="*",OR(GD14="*",GE14="*",GF14="*",GG14="*")),1,"")) | GN13: =IF(AND(GE13="*",OR(GE14="*",GF14="*",GG14="*")),1,IF(AND(GF13="*",OR(GE14="*",GF14="*",GG14="*")),1,IF(AND(GG13="*",OR(GE14="*",GF14="*",GG14="*")),1,""))) | GO13: =IF(AND(GD13="*",GD14="*"),1,"") | GV13: =IF(AND(GQ13="*",OR(GR14="*",GS14="*",GT14="*")), 1,"") | GW13: =IF(AND(GQ13="*",GU14="*"),1,"") | GX13: =IF(AND(GU14="*", OR(GR13="*", GS13="*",GT13="*")),1,"") | GY13: =IF(AND(GQ14="*",OR(GR13="*",GS13="*",GT13="*",GU13="*")),1,IF(AND(GU13="*",OR(GQ14="*",GR14="*",GS14="*",GT14="*")),1,"")) | GZ13: =IF(AND(GR13="*",OR(GR14="*",GS14="*",GT14="*")),1,IF(AND(GS13="*",OR(GR14="*",GS14="*",GT14="*")),1,IF(AND(GT13="*",OR(GR14="*",GS14="*",GT14="*")),1,""))) | HA13: =IF(AND(GQ13="*",GQ14="*"),1,"") | HH13: =IF(AND(HC13="*",OR(HD14="*",HE14="*",HF14="*")), 1,"") | HI13: =IF(AND(HC13="*",HG14="*"),1,"") | HJ13: =IF(AND(HG14="*", OR(HD13="*", HE13="*",HF13="*")),1,"") | HK13: =IF(AND(HC14="*",OR(HD13="*",HE13="*",HF13="*",HG13="*")),1,IF(AND(HG13="*",OR(HC14="*",HD14="*",HE14="*",HF14="*")),1,"")) | HL13: =IF(AND(HD13="*",OR(HD14="*",HE14="*",HF14="*")),1,IF(AND(HE13="*",OR(HD14="*",HE14="*",HF14="*")),1,IF(AND(HF13="*",OR(HD14="*",HE14="*",HF14="*")),1,""))) | HM13: =IF(AND(HC13="*",HC14="*"),1,"") | HT13: =IF(AND(HO13="*",OR(HP14="*",HQ14="*",HR14="*")), 1,"") | HU13: =IF(AND(HO13="*",HS14="*"),1,"") | HV13: =IF(AND(HS14="*", OR(HP13="*", HQ13="*",HR13="*")),1,"") | HW13: =IF(AND(HO14="*",OR(HP13="*",HQ13="*",HR13="*",HS13="*")),1,IF(AND(HS13="*",OR(HO14="*",HP14="*",HQ14="*",HR14="*")),1,"")) | HX13: =IF(AND(HP13="*",OR(HP14="*",HQ14="*",HR14="*")),1,IF(AND(HQ13="*",OR(HP14="*",HQ14="*",HR14="*")),1,IF(AND(HR13="*",OR(HP14="*",HQ14="*",HR14="*")),1,""))) | HY13: =IF(AND(HO13="*",HO14="*"),1,"") | IF13: =IF(AND(IA13="*",OR(IB14="*",IC14="*",ID14="*")), 1,"") | IG13: =IF(AND(IA13="*",IE14="*"),1,"") | IH13: =IF(AND(IE14="*", OR(IB13="*", IC13="*",ID13="*")),1,"") | II13: =IF(AND(IA14="*",OR(IB13="*",IC13="*",ID13="*",IE13="*")),1,IF(AND(IE13="*",OR(IA14="*",IB14="*",IC14="*",ID14="*")),1,"")) | IJ13: =IF(AND(IB13="*",OR(IB14="*",IC14="*",ID14="*")),1,IF(AND(IC13="*",OR(IB14="*",IC14="*",ID14="*")),1,IF(AND(ID13="*",OR(IB14="*",IC14="*",ID14="*")),1,""))) | IK13: =IF(AND(IA13="*",IA14="*"),1,"") | IL13: =COUNT(J13,V13,AH13,AT13,BF13,BS13,CE13,CQ13,DC13,DO13,EA13,EM13,EY13,FK13,FW13,GJ13,GV13,HH13,HT13,IF13) -> 0 | IM13: =COUNT(K13,W13,AI13,AU13,BG13,BT13,CF13,CR13,DD13,DP13,EB13,EN13,EZ13,FL13,FX13,GK13,GW13,HI13,HU13,IG13) -> 0 | IN13: =COUNT(L13,X13,AJ13,AV13,BH13,BU13,CG13,CS13,DE13,DQ13,EC13,EO13,FA13,FM13,FY13,GL13,GX13,HJ13,HV13,IH13) -> 0 | IO13: =COUNT(M13,Y13,AK13,AW13,BI13,BV13,CH13,CT13,DF13,DR13,ED13,EP13,FB13,FN13,FZ13,GM13,GY13,HK13,HW13,II13) -> 0 | IP13: =COUNT(N13,Z13,AL13,AX13,BJ13,BW13,CI13,CU13,DG13,DS13,EE13,EQ13,FC13,FO13,GA13,GN13,GZ13,HL13,HX13,IJ13) -> 0 | IQ13: =COUNT(O13,AA13,AM13,AY13,BK13,BX13,CJ13,CV13,DH13,DT13,EF13,ER13,FD13,FP13,GB13,GO13,HA13,HM13,HY13,IK13) -> 0
D14: 부정적 질문
B15: 7 | C15: =고객요구사항도출표!C11 -> 0 | D15: 긍정적 질문 | J15: =IF(AND(E15="*",OR(F16="*",G16="*",H16="*")), 1,"") | K15: =IF(AND(E15="*",I16="*"),1,"") | L15: =IF(AND(I16="*", OR(F15="*", G15="*",H15="*")),1,"") | M15: =IF(AND(E16="*",OR(F15="*",G15="*",H15="*",I15="*")),1,IF(AND(I15="*",OR(E16="*",F16="*",G16="*",H16="*")),1,"")) | N15: =IF(AND(F15="*",OR(F16="*",G16="*",H16="*")),1,IF(AND(G15="*",OR(F16="*",G16="*",H16="*")),1,IF(AND(H15="*",OR(F16="*",G16="*",H16="*")),1,""))) | O15: =IF(AND(E15="*",E16="*"),1,"") | V15: =IF(AND(Q15="*",OR(R16="*",S16="*",T16="*")), 1,"") | W15: =IF(AND(Q15="*",U16="*"),1,"") | X15: =IF(AND(U16="*", OR(R15="*", S15="*",T15="*")),1,"") | Y15: =IF(AND(Q16="*",OR(R15="*",S15="*",T15="*",U15="*")),1,IF(AND(U15="*",OR(Q16="*",R16="*",S16="*",T16="*")),1,"")) | Z15: =IF(AND(R15="*",OR(R16="*",S16="*",T16="*")),1,IF(AND(S15="*",OR(R16="*",S16="*",T16="*")),1,IF(AND(T15="*",OR(R16="*",S16="*",T16="*")),1,""))) | AA15: =IF(AND(Q15="*",Q16="*"),1,"") | AH15: =IF(AND(AC15="*",OR(AD16="*",AE16="*",AF16="*")), 1,"") | AI15: =IF(AND(AC15="*",AG16="*"),1,"") | AJ15: =IF(AND(AG16="*", OR(AD15="*", AE15="*",AF15="*")),1,"") | AK15: =IF(AND(AC16="*",OR(AD15="*",AE15="*",AF15="*",AG15="*")),1,IF(AND(AG15="*",OR(AC16="*",AD16="*",AE16="*",AF16="*")),1,"")) | AL15: =IF(AND(AD15="*",OR(AD16="*",AE16="*",AF16="*")),1,IF(AND(AE15="*",OR(AD16="*",AE16="*",AF16="*")),1,IF(AND(AF15="*",OR(AD16="*",AE16="*",AF16="*")),1,""))) | AM15: =IF(AND(AC15="*",AC16="*"),1,"") | AT15: =IF(AND(AO15="*",OR(AP16="*",AQ16="*",AR16="*")), 1,"") | AU15: =IF(AND(AO15="*",AS16="*"),1,"") | AV15: =IF(AND(AS16="*", OR(AP15="*", AQ15="*",AR15="*")),1,"") | AW15: =IF(AND(AO16="*",OR(AP15="*",AQ15="*",AR15="*",AS15="*")),1,IF(AND(AS15="*",OR(AO16="*",AP16="*",AQ16="*",AR16="*")),1,"")) | AX15: =IF(AND(AP15="*",OR(AP16="*",AQ16="*",AR16="*")),1,IF(AND(AQ15="*",OR(AP16="*",AQ16="*",AR16="*")),1,IF(AND(AR15="*",OR(AP16="*",AQ16="*",AR16="*")),1,""))) | AY15: =IF(AND(AO15="*",AO16="*"),1,"") | BF15: =IF(AND(BA15="*",OR(BB16="*",BC16="*",BD16="*")), 1,"") | BG15: =IF(AND(BA15="*",BE16="*"),1,"") | BH15: =IF(AND(BE16="*", OR(BB15="*", BC15="*",BD15="*")),1,"") | BI15: =IF(AND(BA16="*",OR(BB15="*",BC15="*",BD15="*",BE15="*")),1,IF(AND(BE15="*",OR(BA16="*",BB16="*",BC16="*",BD16="*")),1,"")) | BJ15: =IF(AND(BB15="*",OR(BB16="*",BC16="*",BD16="*")),1,IF(AND(BC15="*",OR(BB16="*",BC16="*",BD16="*")),1,IF(AND(BD15="*",OR(BB16="*",BC16="*",BD16="*")),1,""))) | BK15: =IF(AND(BA15="*",BA16="*"),1,"") | BS15: =IF(AND(BM15="*",OR(BN16="*",BO16="*",BP16="*")), 1,"") | BT15: =IF(AND(BM15="*",BQ16="*"),1,"") | BU15: =IF(AND(BQ16="*", OR(BN15="*", BO15="*",BP15="*")),1,"") | BV15: =IF(AND(BM16="*",OR(BN15="*",BO15="*",BP15="*",BQ15="*")),1,IF(AND(BQ15="*",OR(BM16="*",BN16="*",BO16="*",BP16="*")),1,"")) | BW15: =IF(AND(BN15="*",OR(BN16="*",BO16="*",BP16="*")),1,IF(AND(BO15="*",OR(BN16="*",BO16="*",BP16="*")),1,IF(AND(BP15="*",OR(BN16="*",BO16="*",BP16="*")),1,""))) | BX15: =IF(AND(BM15="*",BM16="*"),1,"") | CE15: =IF(AND(BZ15="*",OR(CA16="*",CB16="*",CC16="*")), 1,"") | CF15: =IF(AND(BZ15="*",CD16="*"),1,"") | CG15: =IF(AND(CD16="*", OR(CA15="*", CB15="*",CC15="*")),1,"") | CH15: =IF(AND(BZ16="*",OR(CA15="*",CB15="*",CC15="*",CD15="*")),1,IF(AND(CD15="*",OR(BZ16="*",CA16="*",CB16="*",CC16="*")),1,"")) | CI15: =IF(AND(CA15="*",OR(CA16="*",CB16="*",CC16="*")),1,IF(AND(CB15="*",OR(CA16="*",CB16="*",CC16="*")),1,IF(AND(CC15="*",OR(CA16="*",CB16="*",CC16="*")),1,""))) | CJ15: =IF(AND(BZ15="*",BZ16="*"),1,"") | CQ15: =IF(AND(CL15="*",OR(CM16="*",CN16="*",CO16="*")), 1,"") | CR15: =IF(AND(CL15="*",CP16="*"),1,"") | CS15: =IF(AND(CP16="*", OR(CM15="*", CN15="*",CO15="*")),1,"") | CT15: =IF(AND(CL16="*",OR(CM15="*",CN15="*",CO15="*",CP15="*")),1,IF(AND(CP15="*",OR(CL16="*",CM16="*",CN16="*",CO16="*")),1,"")) | CU15: =IF(AND(CM15="*",OR(CM16="*",CN16="*",CO16="*")),1,IF(AND(CN15="*",OR(CM16="*",CN16="*",CO16="*")),1,IF(AND(CO15="*",OR(CM16="*",CN16="*",CO16="*")),1,""))) | CV15: =IF(AND(CL15="*",CL16="*"),1,"") | DC15: =IF(AND(CX15="*",OR(CY16="*",CZ16="*",DA16="*")), 1,"") | DD15: =IF(AND(CX15="*",DB16="*"),1,"") | DE15: =IF(AND(DB16="*", OR(CY15="*", CZ15="*",DA15="*")),1,"") | DF15: =IF(AND(CX16="*",OR(CY15="*",CZ15="*",DA15="*",DB15="*")),1,IF(AND(DB15="*",OR(CX16="*",CY16="*",CZ16="*",DA16="*")),1,"")) | DG15: =IF(AND(CY15="*",OR(CY16="*",CZ16="*",DA16="*")),1,IF(AND(CZ15="*",OR(CY16="*",CZ16="*",DA16="*")),1,IF(AND(DA15="*",OR(CY16="*",CZ16="*",DA16="*")),1,""))) | DH15: =IF(AND(CX15="*",CX16="*"),1,"") | DO15: =IF(AND(DJ15="*",OR(DK16="*",DL16="*",DM16="*")), 1,"") | DP15: =IF(AND(DJ15="*",DN16="*"),1,"") | DQ15: =IF(AND(DN16="*", OR(DK15="*", DL15="*",DM15="*")),1,"") | DR15: =IF(AND(DJ16="*",OR(DK15="*",DL15="*",DM15="*",DN15="*")),1,IF(AND(DN15="*",OR(DJ16="*",DK16="*",DL16="*",DM16="*")),1,"")) | DS15: =IF(AND(DK15="*",OR(DK16="*",DL16="*",DM16="*")),1,IF(AND(DL15="*",OR(DK16="*",DL16="*",DM16="*")),1,IF(AND(DM15="*",OR(DK16="*",DL16="*",DM16="*")),1,""))) | DT15: =IF(AND(DJ15="*",DJ16="*"),1,"") | EA15: =IF(AND(DV15="*",OR(DW16="*",DX16="*",DY16="*")), 1,"") | EB15: =IF(AND(DV15="*",DZ16="*"),1,"") | EC15: =IF(AND(DZ16="*", OR(DW15="*", DX15="*",DY15="*")),1,"") | ED15: =IF(AND(DV16="*",OR(DW15="*",DX15="*",DY15="*",DZ15="*")),1,IF(AND(DZ15="*",OR(DV16="*",DW16="*",DX16="*",DY16="*")),1,"")) | EE15: =IF(AND(DW15="*",OR(DW16="*",DX16="*",DY16="*")),1,IF(AND(DX15="*",OR(DW16="*",DX16="*",DY16="*")),1,IF(AND(DY15="*",OR(DW16="*",DX16="*",DY16="*")),1,""))) | EF15: =IF(AND(DV15="*",DV16="*"),1,"") | EM15: =IF(AND(EH15="*",OR(EI16="*",EJ16="*",EK16="*")), 1,"") | EN15: =IF(AND(EH15="*",EL16="*"),1,"") | EO15: =IF(AND(EL16="*", OR(EI15="*", EJ15="*",EK15="*")),1,"") | EP15: =IF(AND(EH16="*",OR(EI15="*",EJ15="*",EK15="*",EL15="*")),1,IF(AND(EL15="*",OR(EH16="*",EI16="*",EJ16="*",EK16="*")),1,"")) | EQ15: =IF(AND(EI15="*",OR(EI16="*",EJ16="*",EK16="*")),1,IF(AND(EJ15="*",OR(EI16="*",EJ16="*",EK16="*")),1,IF(AND(EK15="*",OR(EI16="*",EJ16="*",EK16="*")),1,""))) | ER15: =IF(AND(EH15="*",EH16="*"),1,"") | EY15: =IF(AND(ET15="*",OR(EU16="*",EV16="*",EW16="*")), 1,"") | EZ15: =IF(AND(ET15="*",EX16="*"),1,"") | FA15: =IF(AND(EX16="*", OR(EU15="*", EV15="*",EW15="*")),1,"") | FB15: =IF(AND(ET16="*",OR(EU15="*",EV15="*",EW15="*",EX15="*")),1,IF(AND(EX15="*",OR(ET16="*",EU16="*",EV16="*",EW16="*")),1,"")) | FC15: =IF(AND(EU15="*",OR(EU16="*",EV16="*",EW16="*")),1,IF(AND(EV15="*",OR(EU16="*",EV16="*",EW16="*")),1,IF(AND(EW15="*",OR(EU16="*",EV16="*",EW16="*")),1,""))) | FD15: =IF(AND(ET15="*",ET16="*"),1,"") | FK15: =IF(AND(FF15="*",OR(FG16="*",FH16="*",FI16="*")), 1,"") | FL15: =IF(AND(FF15="*",FJ16="*"),1,"") | FM15: =IF(AND(FJ16="*", OR(FG15="*", FH15="*",FI15="*")),1,"") | FN15: =IF(AND(FF16="*",OR(FG15="*",FH15="*",FI15="*",FJ15="*")),1,IF(AND(FJ15="*",OR(FF16="*",FG16="*",FH16="*",FI16="*")),1,"")) | FO15: =IF(AND(FG15="*",OR(FG16="*",FH16="*",FI16="*")),1,IF(AND(FH15="*",OR(FG16="*",FH16="*",FI16="*")),1,IF(AND(FI15="*",OR(FG16="*",FH16="*",FI16="*")),1,""))) | FP15: =IF(AND(FF15="*",FF16="*"),1,"") | FW15: =IF(AND(FR15="*",OR(FS16="*",FT16="*",FU16="*")), 1,"") | FX15: =IF(AND(FR15="*",FV16="*"),1,"") | FY15: =IF(AND(FV16="*", OR(FS15="*", FT15="*",FU15="*")),1,"") | FZ15: =IF(AND(FR16="*",OR(FS15="*",FT15="*",FU15="*",FV15="*")),1,IF(AND(FV15="*",OR(FR16="*",FS16="*",FT16="*",FU16="*")),1,"")) | GA15: =IF(AND(FS15="*",OR(FS16="*",FT16="*",FU16="*")),1,IF(AND(FT15="*",OR(FS16="*",FT16="*",FU16="*")),1,IF(AND(FU15="*",OR(FS16="*",FT16="*",FU16="*")),1,""))) | GB15: =IF(AND(FR15="*",FR16="*"),1,"") | GJ15: =IF(AND(GD15="*",OR(GE16="*",GF16="*",GG16="*")), 1,"") | GK15: =IF(AND(GD15="*",GH16="*"),1,"") | GL15: =IF(AND(GH16="*", OR(GE15="*", GF15="*",GG15="*")),1,"") | GM15: =IF(AND(GD16="*",OR(GE15="*",GF15="*",GG15="*",GH15="*")),1,IF(AND(GH15="*",OR(GD16="*",GE16="*",GF16="*",GG16="*")),1,"")) | GN15: =IF(AND(GE15="*",OR(GE16="*",GF16="*",GG16="*")),1,IF(AND(GF15="*",OR(GE16="*",GF16="*",GG16="*")),1,IF(AND(GG15="*",OR(GE16="*",GF16="*",GG16="*")),1,""))) | GO15: =IF(AND(GD15="*",GD16="*"),1,"") | GV15: =IF(AND(GQ15="*",OR(GR16="*",GS16="*",GT16="*")), 1,"") | GW15: =IF(AND(GQ15="*",GU16="*"),1,"") | GX15: =IF(AND(GU16="*", OR(GR15="*", GS15="*",GT15="*")),1,"") | GY15: =IF(AND(GQ16="*",OR(GR15="*",GS15="*",GT15="*",GU15="*")),1,IF(AND(GU15="*",OR(GQ16="*",GR16="*",GS16="*",GT16="*")),1,"")) | GZ15: =IF(AND(GR15="*",OR(GR16="*",GS16="*",GT16="*")),1,IF(AND(GS15="*",OR(GR16="*",GS16="*",GT16="*")),1,IF(AND(GT15="*",OR(GR16="*",GS16="*",GT16="*")),1,""))) | HA15: =IF(AND(GQ15="*",GQ16="*"),1,"") | HH15: =IF(AND(HC15="*",OR(HD16="*",HE16="*",HF16="*")), 1,"") | HI15: =IF(AND(HC15="*",HG16="*"),1,"") | HJ15: =IF(AND(HG16="*", OR(HD15="*", HE15="*",HF15="*")),1,"") | HK15: =IF(AND(HC16="*",OR(HD15="*",HE15="*",HF15="*",HG15="*")),1,IF(AND(HG15="*",OR(HC16="*",HD16="*",HE16="*",HF16="*")),1,"")) | HL15: =IF(AND(HD15="*",OR(HD16="*",HE16="*",HF16="*")),1,IF(AND(HE15="*",OR(HD16="*",HE16="*",HF16="*")),1,IF(AND(HF15="*",OR(HD16="*",HE16="*",HF16="*")),1,""))) | HM15: =IF(AND(HC15="*",HC16="*"),1,"") | HT15: =IF(AND(HO15="*",OR(HP16="*",HQ16="*",HR16="*")), 1,"") | HU15: =IF(AND(HO15="*",HS16="*"),1,"") | HV15: =IF(AND(HS16="*", OR(HP15="*", HQ15="*",HR15="*")),1,"") | HW15: =IF(AND(HO16="*",OR(HP15="*",HQ15="*",HR15="*",HS15="*")),1,IF(AND(HS15="*",OR(HO16="*",HP16="*",HQ16="*",HR16="*")),1,"")) | HX15: =IF(AND(HP15="*",OR(HP16="*",HQ16="*",HR16="*")),1,IF(AND(HQ15="*",OR(HP16="*",HQ16="*",HR16="*")),1,IF(AND(HR15="*",OR(HP16="*",HQ16="*",HR16="*")),1,""))) | HY15: =IF(AND(HO15="*",HO16="*"),1,"") | IF15: =IF(AND(IA15="*",OR(IB16="*",IC16="*",ID16="*")), 1,"") | IG15: =IF(AND(IA15="*",IE16="*"),1,"") | IH15: =IF(AND(IE16="*", OR(IB15="*", IC15="*",ID15="*")),1,"") | II15: =IF(AND(IA16="*",OR(IB15="*",IC15="*",ID15="*",IE15="*")),1,IF(AND(IE15="*",OR(IA16="*",IB16="*",IC16="*",ID16="*")),1,"")) | IJ15: =IF(AND(IB15="*",OR(IB16="*",IC16="*",ID16="*")),1,IF(AND(IC15="*",OR(IB16="*",IC16="*",ID16="*")),1,IF(AND(ID15="*",OR(IB16="*",IC16="*",ID16="*")),1,""))) | IK15: =IF(AND(IA15="*",IA16="*"),1,"") | IL15: =COUNT(J15,V15,AH15,AT15,BF15,BS15,CE15,CQ15,DC15,DO15,EA15,EM15,EY15,FK15,FW15,GJ15,GV15,HH15,HT15,IF15) -> 0 | IM15: =COUNT(K15,W15,AI15,AU15,BG15,BT15,CF15,CR15,DD15,DP15,EB15,EN15,EZ15,FL15,FX15,GK15,GW15,HI15,HU15,IG15) -> 0 | IN15: =COUNT(L15,X15,AJ15,AV15,BH15,BU15,CG15,CS15,DE15,DQ15,EC15,EO15,FA15,FM15,FY15,GL15,GX15,HJ15,HV15,IH15) -> 0 | IO15: =COUNT(M15,Y15,AK15,AW15,BI15,BV15,CH15,CT15,DF15,DR15,ED15,EP15,FB15,FN15,FZ15,GM15,GY15,HK15,HW15,II15) -> 0 | IP15: =COUNT(N15,Z15,AL15,AX15,BJ15,BW15,CI15,CU15,DG15,DS15,EE15,EQ15,FC15,FO15,GA15,GN15,GZ15,HL15,HX15,IJ15) -> 0 | IQ15: =COUNT(O15,AA15,AM15,AY15,BK15,BX15,CJ15,CV15,DH15,DT15,EF15,ER15,FD15,FP15,GB15,GO15,HA15,HM15,HY15,IK15) -> 0
D16: 부정적 질문
B17: 8 | C17: =고객요구사항도출표!C12 -> 0 | D17: 긍정적 질문 | J17: =IF(AND(E17="*",OR(F18="*",G18="*",H18="*")), 1,"") | K17: =IF(AND(E17="*",I18="*"),1,"") | L17: =IF(AND(I18="*", OR(F17="*", G17="*",H17="*")),1,"") | M17: =IF(AND(E18="*",OR(F17="*",G17="*",H17="*",I17="*")),1,IF(AND(I17="*",OR(E18="*",F18="*",G18="*",H18="*")),1,"")) | N17: =IF(AND(F17="*",OR(F18="*",G18="*",H18="*")),1,IF(AND(G17="*",OR(F18="*",G18="*",H18="*")),1,IF(AND(H17="*",OR(F18="*",G18="*",H18="*")),1,""))) | O17: =IF(AND(E17="*",E18="*"),1,"") | V17: =IF(AND(Q17="*",OR(R18="*",S18="*",T18="*")), 1,"") | W17: =IF(AND(Q17="*",U18="*"),1,"") | X17: =IF(AND(U18="*", OR(R17="*", S17="*",T17="*")),1,"") | Y17: =IF(AND(Q18="*",OR(R17="*",S17="*",T17="*",U17="*")),1,IF(AND(U17="*",OR(Q18="*",R18="*",S18="*",T18="*")),1,"")) | Z17: =IF(AND(R17="*",OR(R18="*",S18="*",T18="*")),1,IF(AND(S17="*",OR(R18="*",S18="*",T18="*")),1,IF(AND(T17="*",OR(R18="*",S18="*",T18="*")),1,""))) | AA17: =IF(AND(Q17="*",Q18="*"),1,"") | AH17: =IF(AND(AC17="*",OR(AD18="*",AE18="*",AF18="*")), 1,"") | AI17: =IF(AND(AC17="*",AG18="*"),1,"") | AJ17: =IF(AND(AG18="*", OR(AD17="*", AE17="*",AF17="*")),1,"") | AK17: =IF(AND(AC18="*",OR(AD17="*",AE17="*",AF17="*",AG17="*")),1,IF(AND(AG17="*",OR(AC18="*",AD18="*",AE18="*",AF18="*")),1,"")) | AL17: =IF(AND(AD17="*",OR(AD18="*",AE18="*",AF18="*")),1,IF(AND(AE17="*",OR(AD18="*",AE18="*",AF18="*")),1,IF(AND(AF17="*",OR(AD18="*",AE18="*",AF18="*")),1,""))) | AM17: =IF(AND(AC17="*",AC18="*"),1,"") | AT17: =IF(AND(AO17="*",OR(AP18="*",AQ18="*",AR18="*")), 1,"") | AU17: =IF(AND(AO17="*",AS18="*"),1,"") | AV17: =IF(AND(AS18="*", OR(AP17="*", AQ17="*",AR17="*")),1,"") | AW17: =IF(AND(AO18="*",OR(AP17="*",AQ17="*",AR17="*",AS17="*")),1,IF(AND(AS17="*",OR(AO18="*",AP18="*",AQ18="*",AR18="*")),1,"")) | AX17: =IF(AND(AP17="*",OR(AP18="*",AQ18="*",AR18="*")),1,IF(AND(AQ17="*",OR(AP18="*",AQ18="*",AR18="*")),1,IF(AND(AR17="*",OR(AP18="*",AQ18="*",AR18="*")),1,""))) | AY17: =IF(AND(AO17="*",AO18="*"),1,"") | BF17: =IF(AND(BA17="*",OR(BB18="*",BC18="*",BD18="*")), 1,"") | BG17: =IF(AND(BA17="*",BE18="*"),1,"") | BH17: =IF(AND(BE18="*", OR(BB17="*", BC17="*",BD17="*")),1,"") | BI17: =IF(AND(BA18="*",OR(BB17="*",BC17="*",BD17="*",BE17="*")),1,IF(AND(BE17="*",OR(BA18="*",BB18="*",BC18="*",BD18="*")),1,"")) | BJ17: =IF(AND(BB17="*",OR(BB18="*",BC18="*",BD18="*")),1,IF(AND(BC17="*",OR(BB18="*",BC18="*",BD18="*")),1,IF(AND(BD17="*",OR(BB18="*",BC18="*",BD18="*")),1,""))) | BK17: =IF(AND(BA17="*",BA18="*"),1,"") | BS17: =IF(AND(BM17="*",OR(BN18="*",BO18="*",BP18="*")), 1,"") | BT17: =IF(AND(BM17="*",BQ18="*"),1,"") | BU17: =IF(AND(BQ18="*", OR(BN17="*", BO17="*",BP17="*")),1,"") | BV17: =IF(AND(BM18="*",OR(BN17="*",BO17="*",BP17="*",BQ17="*")),1,IF(AND(BQ17="*",OR(BM18="*",BN18="*",BO18="*",BP18="*")),1,"")) | BW17: =IF(AND(BN17="*",OR(BN18="*",BO18="*",BP18="*")),1,IF(AND(BO17="*",OR(BN18="*",BO18="*",BP18="*")),1,IF(AND(BP17="*",OR(BN18="*",BO18="*",BP18="*")),1,""))) | BX17: =IF(AND(BM17="*",BM18="*"),1,"") | CE17: =IF(AND(BZ17="*",OR(CA18="*",CB18="*",CC18="*")), 1,"") | CF17: =IF(AND(BZ17="*",CD18="*"),1,"") | CG17: =IF(AND(CD18="*", OR(CA17="*", CB17="*",CC17="*")),1,"") | CH17: =IF(AND(BZ18="*",OR(CA17="*",CB17="*",CC17="*",CD17="*")),1,IF(AND(CD17="*",OR(BZ18="*",CA18="*",CB18="*",CC18="*")),1,"")) | CI17: =IF(AND(CA17="*",OR(CA18="*",CB18="*",CC18="*")),1,IF(AND(CB17="*",OR(CA18="*",CB18="*",CC18="*")),1,IF(AND(CC17="*",OR(CA18="*",CB18="*",CC18="*")),1,""))) | CJ17: =IF(AND(BZ17="*",BZ18="*"),1,"") | CQ17: =IF(AND(CL17="*",OR(CM18="*",CN18="*",CO18="*")), 1,"") | CR17: =IF(AND(CL17="*",CP18="*"),1,"") | CS17: =IF(AND(CP18="*", OR(CM17="*", CN17="*",CO17="*")),1,"") | CT17: =IF(AND(CL18="*",OR(CM17="*",CN17="*",CO17="*",CP17="*")),1,IF(AND(CP17="*",OR(CL18="*",CM18="*",CN18="*",CO18="*")),1,"")) | CU17: =IF(AND(CM17="*",OR(CM18="*",CN18="*",CO18="*")),1,IF(AND(CN17="*",OR(CM18="*",CN18="*",CO18="*")),1,IF(AND(CO17="*",OR(CM18="*",CN18="*",CO18="*")),1,""))) | CV17: =IF(AND(CL17="*",CL18="*"),1,"") | DC17: =IF(AND(CX17="*",OR(CY18="*",CZ18="*",DA18="*")), 1,"") | DD17: =IF(AND(CX17="*",DB18="*"),1,"") | DE17: =IF(AND(DB18="*", OR(CY17="*", CZ17="*",DA17="*")),1,"") | DF17: =IF(AND(CX18="*",OR(CY17="*",CZ17="*",DA17="*",DB17="*")),1,IF(AND(DB17="*",OR(CX18="*",CY18="*",CZ18="*",DA18="*")),1,"")) | DG17: =IF(AND(CY17="*",OR(CY18="*",CZ18="*",DA18="*")),1,IF(AND(CZ17="*",OR(CY18="*",CZ18="*",DA18="*")),1,IF(AND(DA17="*",OR(CY18="*",CZ18="*",DA18="*")),1,""))) | DH17: =IF(AND(CX17="*",CX18="*"),1,"") | DO17: =IF(AND(DJ17="*",OR(DK18="*",DL18="*",DM18="*")), 1,"") | DP17: =IF(AND(DJ17="*",DN18="*"),1,"") | DQ17: =IF(AND(DN18="*", OR(DK17="*", DL17="*",DM17="*")),1,"") | DR17: =IF(AND(DJ18="*",OR(DK17="*",DL17="*",DM17="*",DN17="*")),1,IF(AND(DN17="*",OR(DJ18="*",DK18="*",DL18="*",DM18="*")),1,"")) | DS17: =IF(AND(DK17="*",OR(DK18="*",DL18="*",DM18="*")),1,IF(AND(DL17="*",OR(DK18="*",DL18="*",DM18="*")),1,IF(AND(DM17="*",OR(DK18="*",DL18="*",DM18="*")),1,""))) | DT17: =IF(AND(DJ17="*",DJ18="*"),1,"") | EA17: =IF(AND(DV17="*",OR(DW18="*",DX18="*",DY18="*")), 1,"") | EB17: =IF(AND(DV17="*",DZ18="*"),1,"") | EC17: =IF(AND(DZ18="*", OR(DW17="*", DX17="*",DY17="*")),1,"") | ED17: =IF(AND(DV18="*",OR(DW17="*",DX17="*",DY17="*",DZ17="*")),1,IF(AND(DZ17="*",OR(DV18="*",DW18="*",DX18="*",DY18="*")),1,"")) | EE17: =IF(AND(DW17="*",OR(DW18="*",DX18="*",DY18="*")),1,IF(AND(DX17="*",OR(DW18="*",DX18="*",DY18="*")),1,IF(AND(DY17="*",OR(DW18="*",DX18="*",DY18="*")),1,""))) | EF17: =IF(AND(DV17="*",DV18="*"),1,"") | EM17: =IF(AND(EH17="*",OR(EI18="*",EJ18="*",EK18="*")), 1,"") | EN17: =IF(AND(EH17="*",EL18="*"),1,"") | EO17: =IF(AND(EL18="*", OR(EI17="*", EJ17="*",EK17="*")),1,"") | EP17: =IF(AND(EH18="*",OR(EI17="*",EJ17="*",EK17="*",EL17="*")),1,IF(AND(EL17="*",OR(EH18="*",EI18="*",EJ18="*",EK18="*")),1,"")) | EQ17: =IF(AND(EI17="*",OR(EI18="*",EJ18="*",EK18="*")),1,IF(AND(EJ17="*",OR(EI18="*",EJ18="*",EK18="*")),1,IF(AND(EK17="*",OR(EI18="*",EJ18="*",EK18="*")),1,""))) | ER17: =IF(AND(EH17="*",EH18="*"),1,"") | EY17: =IF(AND(ET17="*",OR(EU18="*",EV18="*",EW18="*")), 1,"") | EZ17: =IF(AND(ET17="*",EX18="*"),1,"") | FA17: =IF(AND(EX18="*", OR(EU17="*", EV17="*",EW17="*")),1,"") | FB17: =IF(AND(ET18="*",OR(EU17="*",EV17="*",EW17="*",EX17="*")),1,IF(AND(EX17="*",OR(ET18="*",EU18="*",EV18="*",EW18="*")),1,"")) | FC17: =IF(AND(EU17="*",OR(EU18="*",EV18="*",EW18="*")),1,IF(AND(EV17="*",OR(EU18="*",EV18="*",EW18="*")),1,IF(AND(EW17="*",OR(EU18="*",EV18="*",EW18="*")),1,""))) | FD17: =IF(AND(ET17="*",ET18="*"),1,"") | FK17: =IF(AND(FF17="*",OR(FG18="*",FH18="*",FI18="*")), 1,"") | FL17: =IF(AND(FF17="*",FJ18="*"),1,"") | FM17: =IF(AND(FJ18="*", OR(FG17="*", FH17="*",FI17="*")),1,"") | FN17: =IF(AND(FF18="*",OR(FG17="*",FH17="*",FI17="*",FJ17="*")),1,IF(AND(FJ17="*",OR(FF18="*",FG18="*",FH18="*",FI18="*")),1,"")) | FO17: =IF(AND(FG17="*",OR(FG18="*",FH18="*",FI18="*")),1,IF(AND(FH17="*",OR(FG18="*",FH18="*",FI18="*")),1,IF(AND(FI17="*",OR(FG18="*",FH18="*",FI18="*")),1,""))) | FP17: =IF(AND(FF17="*",FF18="*"),1,"") | FW17: =IF(AND(FR17="*",OR(FS18="*",FT18="*",FU18="*")), 1,"") | FX17: =IF(AND(FR17="*",FV18="*"),1,"") | FY17: =IF(AND(FV18="*", OR(FS17="*", FT17="*",FU17="*")),1,"") | FZ17: =IF(AND(FR18="*",OR(FS17="*",FT17="*",FU17="*",FV17="*")),1,IF(AND(FV17="*",OR(FR18="*",FS18="*",FT18="*",FU18="*")),1,"")) | GA17: =IF(AND(FS17="*",OR(FS18="*",FT18="*",FU18="*")),1,IF(AND(FT17="*",OR(FS18="*",FT18="*",FU18="*")),1,IF(AND(FU17="*",OR(FS18="*",FT18="*",FU18="*")),1,""))) | GB17: =IF(AND(FR17="*",FR18="*"),1,"") | GJ17: =IF(AND(GD17="*",OR(GE18="*",GF18="*",GG18="*")), 1,"") | GK17: =IF(AND(GD17="*",GH18="*"),1,"") | GL17: =IF(AND(GH18="*", OR(GE17="*", GF17="*",GG17="*")),1,"") | GM17: =IF(AND(GD18="*",OR(GE17="*",GF17="*",GG17="*",GH17="*")),1,IF(AND(GH17="*",OR(GD18="*",GE18="*",GF18="*",GG18="*")),1,"")) | GN17: =IF(AND(GE17="*",OR(GE18="*",GF18="*",GG18="*")),1,IF(AND(GF17="*",OR(GE18="*",GF18="*",GG18="*")),1,IF(AND(GG17="*",OR(GE18="*",GF18="*",GG18="*")),1,""))) | GO17: =IF(AND(GD17="*",GD18="*"),1,"") | GV17: =IF(AND(GQ17="*",OR(GR18="*",GS18="*",GT18="*")), 1,"") | GW17: =IF(AND(GQ17="*",GU18="*"),1,"") | GX17: =IF(AND(GU18="*", OR(GR17="*", GS17="*",GT17="*")),1,"") | GY17: =IF(AND(GQ18="*",OR(GR17="*",GS17="*",GT17="*",GU17="*")),1,IF(AND(GU17="*",OR(GQ18="*",GR18="*",GS18="*",GT18="*")),1,"")) | GZ17: =IF(AND(GR17="*",OR(GR18="*",GS18="*",GT18="*")),1,IF(AND(GS17="*",OR(GR18="*",GS18="*",GT18="*")),1,IF(AND(GT17="*",OR(GR18="*",GS18="*",GT18="*")),1,""))) | HA17: =IF(AND(GQ17="*",GQ18="*"),1,"") | HH17: =IF(AND(HC17="*",OR(HD18="*",HE18="*",HF18="*")), 1,"") | HI17: =IF(AND(HC17="*",HG18="*"),1,"") | HJ17: =IF(AND(HG18="*", OR(HD17="*", HE17="*",HF17="*")),1,"") | HK17: =IF(AND(HC18="*",OR(HD17="*",HE17="*",HF17="*",HG17="*")),1,IF(AND(HG17="*",OR(HC18="*",HD18="*",HE18="*",HF18="*")),1,"")) | HL17: =IF(AND(HD17="*",OR(HD18="*",HE18="*",HF18="*")),1,IF(AND(HE17="*",OR(HD18="*",HE18="*",HF18="*")),1,IF(AND(HF17="*",OR(HD18="*",HE18="*",HF18="*")),1,""))) | HM17: =IF(AND(HC17="*",HC18="*"),1,"") | HT17: =IF(AND(HO17="*",OR(HP18="*",HQ18="*",HR18="*")), 1,"") | HU17: =IF(AND(HO17="*",HS18="*"),1,"") | HV17: =IF(AND(HS18="*", OR(HP17="*", HQ17="*",HR17="*")),1,"") | HW17: =IF(AND(HO18="*",OR(HP17="*",HQ17="*",HR17="*",HS17="*")),1,IF(AND(HS17="*",OR(HO18="*",HP18="*",HQ18="*",HR18="*")),1,"")) | HX17: =IF(AND(HP17="*",OR(HP18="*",HQ18="*",HR18="*")),1,IF(AND(HQ17="*",OR(HP18="*",HQ18="*",HR18="*")),1,IF(AND(HR17="*",OR(HP18="*",HQ18="*",HR18="*")),1,""))) | HY17: =IF(AND(HO17="*",HO18="*"),1,"") | IF17: =IF(AND(IA17="*",OR(IB18="*",IC18="*",ID18="*")), 1,"") | IG17: =IF(AND(IA17="*",IE18="*"),1,"") | IH17: =IF(AND(IE18="*", OR(IB17="*", IC17="*",ID17="*")),1,"") | II17: =IF(AND(IA18="*",OR(IB17="*",IC17="*",ID17="*",IE17="*")),1,IF(AND(IE17="*",OR(IA18="*",IB18="*",IC18="*",ID18="*")),1,"")) | IJ17: =IF(AND(IB17="*",OR(IB18="*",IC18="*",ID18="*")),1,IF(AND(IC17="*",OR(IB18="*",IC18="*",ID18="*")),1,IF(AND(ID17="*",OR(IB18="*",IC18="*",ID18="*")),1,""))) | IK17: =IF(AND(IA17="*",IA18="*"),1,"") | IL17: =COUNT(J17,V17,AH17,AT17,BF17,BS17,CE17,CQ17,DC17,DO17,EA17,EM17,EY17,FK17,FW17,GJ17,GV17,HH17,HT17,IF17) -> 0 | IM17: =COUNT(K17,W17,AI17,AU17,BG17,BT17,CF17,CR17,DD17,DP17,EB17,EN17,EZ17,FL17,FX17,GK17,GW17,HI17,HU17,IG17) -> 0 | IN17: =COUNT(L17,X17,AJ17,AV17,BH17,BU17,CG17,CS17,DE17,DQ17,EC17,EO17,FA17,FM17,FY17,GL17,GX17,HJ17,HV17,IH17) -> 0 | IO17: =COUNT(M17,Y17,AK17,AW17,BI17,BV17,CH17,CT17,DF17,DR17,ED17,EP17,FB17,FN17,FZ17,GM17,GY17,HK17,HW17,II17) -> 0 | IP17: =COUNT(N17,Z17,AL17,AX17,BJ17,BW17,CI17,CU17,DG17,DS17,EE17,EQ17,FC17,FO17,GA17,GN17,GZ17,HL17,HX17,IJ17) -> 0 | IQ17: =COUNT(O17,AA17,AM17,AY17,BK17,BX17,CJ17,CV17,DH17,DT17,EF17,ER17,FD17,FP17,GB17,GO17,HA17,HM17,HY17,IK17) -> 0
D18: 부정적 질문
B19: 9 | C19: =고객요구사항도출표!C13 -> 0 | D19: 긍정적 질문 | J19: =IF(AND(E19="*",OR(F20="*",G20="*",H20="*")), 1,"") | K19: =IF(AND(E19="*",I20="*"),1,"") | L19: =IF(AND(I20="*", OR(F19="*", G19="*",H19="*")),1,"") | M19: =IF(AND(E20="*",OR(F19="*",G19="*",H19="*",I19="*")),1,IF(AND(I19="*",OR(E20="*",F20="*",G20="*",H20="*")),1,"")) | N19: =IF(AND(F19="*",OR(F20="*",G20="*",H20="*")),1,IF(AND(G19="*",OR(F20="*",G20="*",H20="*")),1,IF(AND(H19="*",OR(F20="*",G20="*",H20="*")),1,""))) | O19: =IF(AND(E19="*",E20="*"),1,"") | V19: =IF(AND(Q19="*",OR(R20="*",S20="*",T20="*")), 1,"") | W19: =IF(AND(Q19="*",U20="*"),1,"") | X19: =IF(AND(U20="*", OR(R19="*", S19="*",T19="*")),1,"") | Y19: =IF(AND(Q20="*",OR(R19="*",S19="*",T19="*",U19="*")),1,IF(AND(U19="*",OR(Q20="*",R20="*",S20="*",T20="*")),1,"")) | Z19: =IF(AND(R19="*",OR(R20="*",S20="*",T20="*")),1,IF(AND(S19="*",OR(R20="*",S20="*",T20="*")),1,IF(AND(T19="*",OR(R20="*",S20="*",T20="*")),1,""))) | AA19: =IF(AND(Q19="*",Q20="*"),1,"") | AH19: =IF(AND(AC19="*",OR(AD20="*",AE20="*",AF20="*")), 1,"") | AI19: =IF(AND(AC19="*",AG20="*"),1,"") | AJ19: =IF(AND(AG20="*", OR(AD19="*", AE19="*",AF19="*")),1,"") | AK19: =IF(AND(AC20="*",OR(AD19="*",AE19="*",AF19="*",AG19="*")),1,IF(AND(AG19="*",OR(AC20="*",AD20="*",AE20="*",AF20="*")),1,"")) | AL19: =IF(AND(AD19="*",OR(AD20="*",AE20="*",AF20="*")),1,IF(AND(AE19="*",OR(AD20="*",AE20="*",AF20="*")),1,IF(AND(AF19="*",OR(AD20="*",AE20="*",AF20="*")),1,""))) | AM19: =IF(AND(AC19="*",AC20="*"),1,"") | AT19: =IF(AND(AO19="*",OR(AP20="*",AQ20="*",AR20="*")), 1,"") | AU19: =IF(AND(AO19="*",AS20="*"),1,"") | AV19: =IF(AND(AS20="*", OR(AP19="*", AQ19="*",AR19="*")),1,"") | AW19: =IF(AND(AO20="*",OR(AP19="*",AQ19="*",AR19="*",AS19="*")),1,IF(AND(AS19="*",OR(AO20="*",AP20="*",AQ20="*",AR20="*")),1,"")) | AX19: =IF(AND(AP19="*",OR(AP20="*",AQ20="*",AR20="*")),1,IF(AND(AQ19="*",OR(AP20="*",AQ20="*",AR20="*")),1,IF(AND(AR19="*",OR(AP20="*",AQ20="*",AR20="*")),1,""))) | AY19: =IF(AND(AO19="*",AO20="*"),1,"") | BF19: =IF(AND(BA19="*",OR(BB20="*",BC20="*",BD20="*")), 1,"") | BG19: =IF(AND(BA19="*",BE20="*"),1,"") | BH19: =IF(AND(BE20="*", OR(BB19="*", BC19="*",BD19="*")),1,"") | BI19: =IF(AND(BA20="*",OR(BB19="*",BC19="*",BD19="*",BE19="*")),1,IF(AND(BE19="*",OR(BA20="*",BB20="*",BC20="*",BD20="*")),1,"")) | BJ19: =IF(AND(BB19="*",OR(BB20="*",BC20="*",BD20="*")),1,IF(AND(BC19="*",OR(BB20="*",BC20="*",BD20="*")),1,IF(AND(BD19="*",OR(BB20="*",BC20="*",BD20="*")),1,""))) | BK19: =IF(AND(BA19="*",BA20="*"),1,"") | BS19: =IF(AND(BM19="*",OR(BN20="*",BO20="*",BP20="*")), 1,"") | BT19: =IF(AND(BM19="*",BQ20="*"),1,"") | BU19: =IF(AND(BQ20="*", OR(BN19="*", BO19="*",BP19="*")),1,"") | BV19: =IF(AND(BM20="*",OR(BN19="*",BO19="*",BP19="*",BQ19="*")),1,IF(AND(BQ19="*",OR(BM20="*",BN20="*",BO20="*",BP20="*")),1,"")) | BW19: =IF(AND(BN19="*",OR(BN20="*",BO20="*",BP20="*")),1,IF(AND(BO19="*",OR(BN20="*",BO20="*",BP20="*")),1,IF(AND(BP19="*",OR(BN20="*",BO20="*",BP20="*")),1,""))) | BX19: =IF(AND(BM19="*",BM20="*"),1,"") | CE19: =IF(AND(BZ19="*",OR(CA20="*",CB20="*",CC20="*")), 1,"") | CF19: =IF(AND(BZ19="*",CD20="*"),1,"") | CG19: =IF(AND(CD20="*", OR(CA19="*", CB19="*",CC19="*")),1,"") | CH19: =IF(AND(BZ20="*",OR(CA19="*",CB19="*",CC19="*",CD19="*")),1,IF(AND(CD19="*",OR(BZ20="*",CA20="*",CB20="*",CC20="*")),1,"")) | CI19: =IF(AND(CA19="*",OR(CA20="*",CB20="*",CC20="*")),1,IF(AND(CB19="*",OR(CA20="*",CB20="*",CC20="*")),1,IF(AND(CC19="*",OR(CA20="*",CB20="*",CC20="*")),1,""))) | CJ19: =IF(AND(BZ19="*",BZ20="*"),1,"") | CQ19: =IF(AND(CL19="*",OR(CM20="*",CN20="*",CO20="*")), 1,"") | CR19: =IF(AND(CL19="*",CP20="*"),1,"") | CS19: =IF(AND(CP20="*", OR(CM19="*", CN19="*",CO19="*")),1,"") | CT19: =IF(AND(CL20="*",OR(CM19="*",CN19="*",CO19="*",CP19="*")),1,IF(AND(CP19="*",OR(CL20="*",CM20="*",CN20="*",CO20="*")),1,"")) | CU19: =IF(AND(CM19="*",OR(CM20="*",CN20="*",CO20="*")),1,IF(AND(CN19="*",OR(CM20="*",CN20="*",CO20="*")),1,IF(AND(CO19="*",OR(CM20="*",CN20="*",CO20="*")),1,""))) | CV19: =IF(AND(CL19="*",CL20="*"),1,"") | DC19: =IF(AND(CX19="*",OR(CY20="*",CZ20="*",DA20="*")), 1,"") | DD19: =IF(AND(CX19="*",DB20="*"),1,"") | DE19: =IF(AND(DB20="*", OR(CY19="*", CZ19="*",DA19="*")),1,"") | DF19: =IF(AND(CX20="*",OR(CY19="*",CZ19="*",DA19="*",DB19="*")),1,IF(AND(DB19="*",OR(CX20="*",CY20="*",CZ20="*",DA20="*")),1,"")) | DG19: =IF(AND(CY19="*",OR(CY20="*",CZ20="*",DA20="*")),1,IF(AND(CZ19="*",OR(CY20="*",CZ20="*",DA20="*")),1,IF(AND(DA19="*",OR(CY20="*",CZ20="*",DA20="*")),1,""))) | DH19: =IF(AND(CX19="*",CX20="*"),1,"") | DO19: =IF(AND(DJ19="*",OR(DK20="*",DL20="*",DM20="*")), 1,"") | DP19: =IF(AND(DJ19="*",DN20="*"),1,"") | DQ19: =IF(AND(DN20="*", OR(DK19="*", DL19="*",DM19="*")),1,"") | DR19: =IF(AND(DJ20="*",OR(DK19="*",DL19="*",DM19="*",DN19="*")),1,IF(AND(DN19="*",OR(DJ20="*",DK20="*",DL20="*",DM20="*")),1,"")) | DS19: =IF(AND(DK19="*",OR(DK20="*",DL20="*",DM20="*")),1,IF(AND(DL19="*",OR(DK20="*",DL20="*",DM20="*")),1,IF(AND(DM19="*",OR(DK20="*",DL20="*",DM20="*")),1,""))) | DT19: =IF(AND(DJ19="*",DJ20="*"),1,"") | EA19: =IF(AND(DV19="*",OR(DW20="*",DX20="*",DY20="*")), 1,"") | EB19: =IF(AND(DV19="*",DZ20="*"),1,"") | EC19: =IF(AND(DZ20="*", OR(DW19="*", DX19="*",DY19="*")),1,"") | ED19: =IF(AND(DV20="*",OR(DW19="*",DX19="*",DY19="*",DZ19="*")),1,IF(AND(DZ19="*",OR(DV20="*",DW20="*",DX20="*",DY20="*")),1,"")) | EE19: =IF(AND(DW19="*",OR(DW20="*",DX20="*",DY20="*")),1,IF(AND(DX19="*",OR(DW20="*",DX20="*",DY20="*")),1,IF(AND(DY19="*",OR(DW20="*",DX20="*",DY20="*")),1,""))) | EF19: =IF(AND(DV19="*",DV20="*"),1,"") | EM19: =IF(AND(EH19="*",OR(EI20="*",EJ20="*",EK20="*")), 1,"") | EN19: =IF(AND(EH19="*",EL20="*"),1,"") | EO19: =IF(AND(EL20="*", OR(EI19="*", EJ19="*",EK19="*")),1,"") | EP19: =IF(AND(EH20="*",OR(EI19="*",EJ19="*",EK19="*",EL19="*")),1,IF(AND(EL19="*",OR(EH20="*",EI20="*",EJ20="*",EK20="*")),1,"")) | EQ19: =IF(AND(EI19="*",OR(EI20="*",EJ20="*",EK20="*")),1,IF(AND(EJ19="*",OR(EI20="*",EJ20="*",EK20="*")),1,IF(AND(EK19="*",OR(EI20="*",EJ20="*",EK20="*")),1,""))) | ER19: =IF(AND(EH19="*",EH20="*"),1,"") | EY19: =IF(AND(ET19="*",OR(EU20="*",EV20="*",EW20="*")), 1,"") | EZ19: =IF(AND(ET19="*",EX20="*"),1,"") | FA19: =IF(AND(EX20="*", OR(EU19="*", EV19="*",EW19="*")),1,"") | FB19: =IF(AND(ET20="*",OR(EU19="*",EV19="*",EW19="*",EX19="*")),1,IF(AND(EX19="*",OR(ET20="*",EU20="*",EV20="*",EW20="*")),1,"")) | FC19: =IF(AND(EU19="*",OR(EU20="*",EV20="*",EW20="*")),1,IF(AND(EV19="*",OR(EU20="*",EV20="*",EW20="*")),1,IF(AND(EW19="*",OR(EU20="*",EV20="*",EW20="*")),1,""))) | FD19: =IF(AND(ET19="*",ET20="*"),1,"") | FK19: =IF(AND(FF19="*",OR(FG20="*",FH20="*",FI20="*")), 1,"") | FL19: =IF(AND(FF19="*",FJ20="*"),1,"") | FM19: =IF(AND(FJ20="*", OR(FG19="*", FH19="*",FI19="*")),1,"") | FN19: =IF(AND(FF20="*",OR(FG19="*",FH19="*",FI19="*",FJ19="*")),1,IF(AND(FJ19="*",OR(FF20="*",FG20="*",FH20="*",FI20="*")),1,"")) | FO19: =IF(AND(FG19="*",OR(FG20="*",FH20="*",FI20="*")),1,IF(AND(FH19="*",OR(FG20="*",FH20="*",FI20="*")),1,IF(AND(FI19="*",OR(FG20="*",FH20="*",FI20="*")),1,""))) | FP19: =IF(AND(FF19="*",FF20="*"),1,"") | FW19: =IF(AND(FR19="*",OR(FS20="*",FT20="*",FU20="*")), 1,"") | FX19: =IF(AND(FR19="*",FV20="*"),1,"") | FY19: =IF(AND(FV20="*", OR(FS19="*", FT19="*",FU19="*")),1,"") | FZ19: =IF(AND(FR20="*",OR(FS19="*",FT19="*",FU19="*",FV19="*")),1,IF(AND(FV19="*",OR(FR20="*",FS20="*",FT20="*",FU20="*")),1,"")) | GA19: =IF(AND(FS19="*",OR(FS20="*",FT20="*",FU20="*")),1,IF(AND(FT19="*",OR(FS20="*",FT20="*",FU20="*")),1,IF(AND(FU19="*",OR(FS20="*",FT20="*",FU20="*")),1,""))) | GB19: =IF(AND(FR19="*",FR20="*"),1,"") | GJ19: =IF(AND(GD19="*",OR(GE20="*",GF20="*",GG20="*")), 1,"") | GK19: =IF(AND(GD19="*",GH20="*"),1,"") | GL19: =IF(AND(GH20="*", OR(GE19="*", GF19="*",GG19="*")),1,"") | GM19: =IF(AND(GD20="*",OR(GE19="*",GF19="*",GG19="*",GH19="*")),1,IF(AND(GH19="*",OR(GD20="*",GE20="*",GF20="*",GG20="*")),1,"")) | GN19: =IF(AND(GE19="*",OR(GE20="*",GF20="*",GG20="*")),1,IF(AND(GF19="*",OR(GE20="*",GF20="*",GG20="*")),1,IF(AND(GG19="*",OR(GE20="*",GF20="*",GG20="*")),1,""))) | GO19: =IF(AND(GD19="*",GD20="*"),1,"") | GV19: =IF(AND(GQ19="*",OR(GR20="*",GS20="*",GT20="*")), 1,"") | GW19: =IF(AND(GQ19="*",GU20="*"),1,"") | GX19: =IF(AND(GU20="*", OR(GR19="*", GS19="*",GT19="*")),1,"") | GY19: =IF(AND(GQ20="*",OR(GR19="*",GS19="*",GT19="*",GU19="*")),1,IF(AND(GU19="*",OR(GQ20="*",GR20="*",GS20="*",GT20="*")),1,"")) | GZ19: =IF(AND(GR19="*",OR(GR20="*",GS20="*",GT20="*")),1,IF(AND(GS19="*",OR(GR20="*",GS20="*",GT20="*")),1,IF(AND(GT19="*",OR(GR20="*",GS20="*",GT20="*")),1,""))) | HA19: =IF(AND(GQ19="*",GQ20="*"),1,"") | HH19: =IF(AND(HC19="*",OR(HD20="*",HE20="*",HF20="*")), 1,"") | HI19: =IF(AND(HC19="*",HG20="*"),1,"") | HJ19: =IF(AND(HG20="*", OR(HD19="*", HE19="*",HF19="*")),1,"") | HK19: =IF(AND(HC20="*",OR(HD19="*",HE19="*",HF19="*",HG19="*")),1,IF(AND(HG19="*",OR(HC20="*",HD20="*",HE20="*",HF20="*")),1,"")) | HL19: =IF(AND(HD19="*",OR(HD20="*",HE20="*",HF20="*")),1,IF(AND(HE19="*",OR(HD20="*",HE20="*",HF20="*")),1,IF(AND(HF19="*",OR(HD20="*",HE20="*",HF20="*")),1,""))) | HM19: =IF(AND(HC19="*",HC20="*"),1,"") | HT19: =IF(AND(HO19="*",OR(HP20="*",HQ20="*",HR20="*")), 1,"") | HU19: =IF(AND(HO19="*",HS20="*"),1,"") | HV19: =IF(AND(HS20="*", OR(HP19="*", HQ19="*",HR19="*")),1,"") | HW19: =IF(AND(HO20="*",OR(HP19="*",HQ19="*",HR19="*",HS19="*")),1,IF(AND(HS19="*",OR(HO20="*",HP20="*",HQ20="*",HR20="*")),1,"")) | HX19: =IF(AND(HP19="*",OR(HP20="*",HQ20="*",HR20="*")),1,IF(AND(HQ19="*",OR(HP20="*",HQ20="*",HR20="*")),1,IF(AND(HR19="*",OR(HP20="*",HQ20="*",HR20="*")),1,""))) | HY19: =IF(AND(HO19="*",HO20="*"),1,"") | IF19: =IF(AND(IA19="*",OR(IB20="*",IC20="*",ID20="*")), 1,"") | IG19: =IF(AND(IA19="*",IE20="*"),1,"") | IH19: =IF(AND(IE20="*", OR(IB19="*", IC19="*",ID19="*")),1,"") | II19: =IF(AND(IA20="*",OR(IB19="*",IC19="*",ID19="*",IE19="*")),1,IF(AND(IE19="*",OR(IA20="*",IB20="*",IC20="*",ID20="*")),1,"")) | IJ19: =IF(AND(IB19="*",OR(IB20="*",IC20="*",ID20="*")),1,IF(AND(IC19="*",OR(IB20="*",IC20="*",ID20="*")),1,IF(AND(ID19="*",OR(IB20="*",IC20="*",ID20="*")),1,""))) | IK19: =IF(AND(IA19="*",IA20="*"),1,"") | IL19: =COUNT(J19,V19,AH19,AT19,BF19,BS19,CE19,CQ19,DC19,DO19,EA19,EM19,EY19,FK19,FW19,GJ19,GV19,HH19,HT19,IF19) -> 0 | IM19: =COUNT(K19,W19,AI19,AU19,BG19,BT19,CF19,CR19,DD19,DP19,EB19,EN19,EZ19,FL19,FX19,GK19,GW19,HI19,HU19,IG19) -> 0 | IN19: =COUNT(L19,X19,AJ19,AV19,BH19,BU19,CG19,CS19,DE19,DQ19,EC19,EO19,FA19,FM19,FY19,GL19,GX19,HJ19,HV19,IH19) -> 0 | IO19: =COUNT(M19,Y19,AK19,AW19,BI19,BV19,CH19,CT19,DF19,DR19,ED19,EP19,FB19,FN19,FZ19,GM19,GY19,HK19,HW19,II19) -> 0 | IP19: =COUNT(N19,Z19,AL19,AX19,BJ19,BW19,CI19,CU19,DG19,DS19,EE19,EQ19,FC19,FO19,GA19,GN19,GZ19,HL19,HX19,IJ19) -> 0 | IQ19: =COUNT(O19,AA19,AM19,AY19,BK19,BX19,CJ19,CV19,DH19,DT19,EF19,ER19,FD19,FP19,GB19,GO19,HA19,HM19,HY19,IK19) -> 0
D20: 부정적 질문
B21: 10 | C21: =고객요구사항도출표!C14 -> 0 | D21: 긍정적 질문 | J21: =IF(AND(E21="*",OR(F22="*",G22="*",H22="*")), 1,"") | K21: =IF(AND(E21="*",I22="*"),1,"") | L21: =IF(AND(I22="*", OR(F21="*", G21="*",H21="*")),1,"") | M21: =IF(AND(E22="*",OR(F21="*",G21="*",H21="*",I21="*")),1,IF(AND(I21="*",OR(E22="*",F22="*",G22="*",H22="*")),1,"")) | N21: =IF(AND(F21="*",OR(F22="*",G22="*",H22="*")),1,IF(AND(G21="*",OR(F22="*",G22="*",H22="*")),1,IF(AND(H21="*",OR(F22="*",G22="*",H22="*")),1,""))) | O21: =IF(AND(E21="*",E22="*"),1,"") | V21: =IF(AND(Q21="*",OR(R22="*",S22="*",T22="*")), 1,"") | W21: =IF(AND(Q21="*",U22="*"),1,"") | X21: =IF(AND(U22="*", OR(R21="*", S21="*",T21="*")),1,"") | Y21: =IF(AND(Q22="*",OR(R21="*",S21="*",T21="*",U21="*")),1,IF(AND(U21="*",OR(Q22="*",R22="*",S22="*",T22="*")),1,"")) | Z21: =IF(AND(R21="*",OR(R22="*",S22="*",T22="*")),1,IF(AND(S21="*",OR(R22="*",S22="*",T22="*")),1,IF(AND(T21="*",OR(R22="*",S22="*",T22="*")),1,""))) | AA21: =IF(AND(Q21="*",Q22="*"),1,"") | AH21: =IF(AND(AC21="*",OR(AD22="*",AE22="*",AF22="*")), 1,"") | AI21: =IF(AND(AC21="*",AG22="*"),1,"") | AJ21: =IF(AND(AG22="*", OR(AD21="*", AE21="*",AF21="*")),1,"") | AK21: =IF(AND(AC22="*",OR(AD21="*",AE21="*",AF21="*",AG21="*")),1,IF(AND(AG21="*",OR(AC22="*",AD22="*",AE22="*",AF22="*")),1,"")) | AL21: =IF(AND(AD21="*",OR(AD22="*",AE22="*",AF22="*")),1,IF(AND(AE21="*",OR(AD22="*",AE22="*",AF22="*")),1,IF(AND(AF21="*",OR(AD22="*",AE22="*",AF22="*")),1,""))) | AM21: =IF(AND(AC21="*",AC22="*"),1,"") | AT21: =IF(AND(AO21="*",OR(AP22="*",AQ22="*",AR22="*")), 1,"") | AU21: =IF(AND(AO21="*",AS22="*"),1,"") | AV21: =IF(AND(AS22="*", OR(AP21="*", AQ21="*",AR21="*")),1,"") | AW21: =IF(AND(AO22="*",OR(AP21="*",AQ21="*",AR21="*",AS21="*")),1,IF(AND(AS21="*",OR(AO22="*",AP22="*",AQ22="*",AR22="*")),1,"")) | AX21: =IF(AND(AP21="*",OR(AP22="*",AQ22="*",AR22="*")),1,IF(AND(AQ21="*",OR(AP22="*",AQ22="*",AR22="*")),1,IF(AND(AR21="*",OR(AP22="*",AQ22="*",AR22="*")),1,""))) | AY21: =IF(AND(AO21="*",AO22="*"),1,"") | BF21: =IF(AND(BA21="*",OR(BB22="*",BC22="*",BD22="*")), 1,"") | BG21: =IF(AND(BA21="*",BE22="*"),1,"") | BH21: =IF(AND(BE22="*", OR(BB21="*", BC21="*",BD21="*")),1,"") | BI21: =IF(AND(BA22="*",OR(BB21="*",BC21="*",BD21="*",BE21="*")),1,IF(AND(BE21="*",OR(BA22="*",BB22="*",BC22="*",BD22="*")),1,"")) | BJ21: =IF(AND(BB21="*",OR(BB22="*",BC22="*",BD22="*")),1,IF(AND(BC21="*",OR(BB22="*",BC22="*",BD22="*")),1,IF(AND(BD21="*",OR(BB22="*",BC22="*",BD22="*")),1,""))) | BK21: =IF(AND(BA21="*",BA22="*"),1,"") | BS21: =IF(AND(BM21="*",OR(BN22="*",BO22="*",BP22="*")), 1,"") | BT21: =IF(AND(BM21="*",BQ22="*"),1,"") | BU21: =IF(AND(BQ22="*", OR(BN21="*", BO21="*",BP21="*")),1,"") | BV21: =IF(AND(BM22="*",OR(BN21="*",BO21="*",BP21="*",BQ21="*")),1,IF(AND(BQ21="*",OR(BM22="*",BN22="*",BO22="*",BP22="*")),1,"")) | BW21: =IF(AND(BN21="*",OR(BN22="*",BO22="*",BP22="*")),1,IF(AND(BO21="*",OR(BN22="*",BO22="*",BP22="*")),1,IF(AND(BP21="*",OR(BN22="*",BO22="*",BP22="*")),1,""))) | BX21: =IF(AND(BM21="*",BM22="*"),1,"") | CE21: =IF(AND(BZ21="*",OR(CA22="*",CB22="*",CC22="*")), 1,"") | CF21: =IF(AND(BZ21="*",CD22="*"),1,"") | CG21: =IF(AND(CD22="*", OR(CA21="*", CB21="*",CC21="*")),1,"") | CH21: =IF(AND(BZ22="*",OR(CA21="*",CB21="*",CC21="*",CD21="*")),1,IF(AND(CD21="*",OR(BZ22="*",CA22="*",CB22="*",CC22="*")),1,"")) | CI21: =IF(AND(CA21="*",OR(CA22="*",CB22="*",CC22="*")),1,IF(AND(CB21="*",OR(CA22="*",CB22="*",CC22="*")),1,IF(AND(CC21="*",OR(CA22="*",CB22="*",CC22="*")),1,""))) | CJ21: =IF(AND(BZ21="*",BZ22="*"),1,"") | CQ21: =IF(AND(CL21="*",OR(CM22="*",CN22="*",CO22="*")), 1,"") | CR21: =IF(AND(CL21="*",CP22="*"),1,"") | CS21: =IF(AND(CP22="*", OR(CM21="*", CN21="*",CO21="*")),1,"") | CT21: =IF(AND(CL22="*",OR(CM21="*",CN21="*",CO21="*",CP21="*")),1,IF(AND(CP21="*",OR(CL22="*",CM22="*",CN22="*",CO22="*")),1,"")) | CU21: =IF(AND(CM21="*",OR(CM22="*",CN22="*",CO22="*")),1,IF(AND(CN21="*",OR(CM22="*",CN22="*",CO22="*")),1,IF(AND(CO21="*",OR(CM22="*",CN22="*",CO22="*")),1,""))) | CV21: =IF(AND(CL21="*",CL22="*"),1,"") | DC21: =IF(AND(CX21="*",OR(CY22="*",CZ22="*",DA22="*")), 1,"") | DD21: =IF(AND(CX21="*",DB22="*"),1,"") | DE21: =IF(AND(DB22="*", OR(CY21="*", CZ21="*",DA21="*")),1,"") | DF21: =IF(AND(CX22="*",OR(CY21="*",CZ21="*",DA21="*",DB21="*")),1,IF(AND(DB21="*",OR(CX22="*",CY22="*",CZ22="*",DA22="*")),1,"")) | DG21: =IF(AND(CY21="*",OR(CY22="*",CZ22="*",DA22="*")),1,IF(AND(CZ21="*",OR(CY22="*",CZ22="*",DA22="*")),1,IF(AND(DA21="*",OR(CY22="*",CZ22="*",DA22="*")),1,""))) | DH21: =IF(AND(CX21="*",CX22="*"),1,"") | DO21: =IF(AND(DJ21="*",OR(DK22="*",DL22="*",DM22="*")), 1,"") | DP21: =IF(AND(DJ21="*",DN22="*"),1,"") | DQ21: =IF(AND(DN22="*", OR(DK21="*", DL21="*",DM21="*")),1,"") | DR21: =IF(AND(DJ22="*",OR(DK21="*",DL21="*",DM21="*",DN21="*")),1,IF(AND(DN21="*",OR(DJ22="*",DK22="*",DL22="*",DM22="*")),1,"")) | DS21: =IF(AND(DK21="*",OR(DK22="*",DL22="*",DM22="*")),1,IF(AND(DL21="*",OR(DK22="*",DL22="*",DM22="*")),1,IF(AND(DM21="*",OR(DK22="*",DL22="*",DM22="*")),1,""))) | DT21: =IF(AND(DJ21="*",DJ22="*"),1,"") | EA21: =IF(AND(DV21="*",OR(DW22="*",DX22="*",DY22="*")), 1,"") | EB21: =IF(AND(DV21="*",DZ22="*"),1,"") | EC21: =IF(AND(DZ22="*", OR(DW21="*", DX21="*",DY21="*")),1,"") | ED21: =IF(AND(DV22="*",OR(DW21="*",DX21="*",DY21="*",DZ21="*")),1,IF(AND(DZ21="*",OR(DV22="*",DW22="*",DX22="*",DY22="*")),1,"")) | EE21: =IF(AND(DW21="*",OR(DW22="*",DX22="*",DY22="*")),1,IF(AND(DX21="*",OR(DW22="*",DX22="*",DY22="*")),1,IF(AND(DY21="*",OR(DW22="*",DX22="*",DY22="*")),1,""))) | EF21: =IF(AND(DV21="*",DV22="*"),1,"") | EM21: =IF(AND(EH21="*",OR(EI22="*",EJ22="*",EK22="*")), 1,"") | EN21: =IF(AND(EH21="*",EL22="*"),1,"") | EO21: =IF(AND(EL22="*", OR(EI21="*", EJ21="*",EK21="*")),1,"") | EP21: =IF(AND(EH22="*",OR(EI21="*",EJ21="*",EK21="*",EL21="*")),1,IF(AND(EL21="*",OR(EH22="*",EI22="*",EJ22="*",EK22="*")),1,"")) | EQ21: =IF(AND(EI21="*",OR(EI22="*",EJ22="*",EK22="*")),1,IF(AND(EJ21="*",OR(EI22="*",EJ22="*",EK22="*")),1,IF(AND(EK21="*",OR(EI22="*",EJ22="*",EK22="*")),1,""))) | ER21: =IF(AND(EH21="*",EH22="*"),1,"") | EY21: =IF(AND(ET21="*",OR(EU22="*",EV22="*",EW22="*")), 1,"") | EZ21: =IF(AND(ET21="*",EX22="*"),1,"") | FA21: =IF(AND(EX22="*", OR(EU21="*", EV21="*",EW21="*")),1,"") | FB21: =IF(AND(ET22="*",OR(EU21="*",EV21="*",EW21="*",EX21="*")),1,IF(AND(EX21="*",OR(ET22="*",EU22="*",EV22="*",EW22="*")),1,"")) | FC21: =IF(AND(EU21="*",OR(EU22="*",EV22="*",EW22="*")),1,IF(AND(EV21="*",OR(EU22="*",EV22="*",EW22="*")),1,IF(AND(EW21="*",OR(EU22="*",EV22="*",EW22="*")),1,""))) | FD21: =IF(AND(ET21="*",ET22="*"),1,"") | FK21: =IF(AND(FF21="*",OR(FG22="*",FH22="*",FI22="*")), 1,"") | FL21: =IF(AND(FF21="*",FJ22="*"),1,"") | FM21: =IF(AND(FJ22="*", OR(FG21="*", FH21="*",FI21="*")),1,"") | FN21: =IF(AND(FF22="*",OR(FG21="*",FH21="*",FI21="*",FJ21="*")),1,IF(AND(FJ21="*",OR(FF22="*",FG22="*",FH22="*",FI22="*")),1,"")) | FO21: =IF(AND(FG21="*",OR(FG22="*",FH22="*",FI22="*")),1,IF(AND(FH21="*",OR(FG22="*",FH22="*",FI22="*")),1,IF(AND(FI21="*",OR(FG22="*",FH22="*",FI22="*")),1,""))) | FP21: =IF(AND(FF21="*",FF22="*"),1,"") | FW21: =IF(AND(FR21="*",OR(FS22="*",FT22="*",FU22="*")), 1,"") | FX21: =IF(AND(FR21="*",FV22="*"),1,"") | FY21: =IF(AND(FV22="*", OR(FS21="*", FT21="*",FU21="*")),1,"") | FZ21: =IF(AND(FR22="*",OR(FS21="*",FT21="*",FU21="*",FV21="*")),1,IF(AND(FV21="*",OR(FR22="*",FS22="*",FT22="*",FU22="*")),1,"")) | GA21: =IF(AND(FS21="*",OR(FS22="*",FT22="*",FU22="*")),1,IF(AND(FT21="*",OR(FS22="*",FT22="*",FU22="*")),1,IF(AND(FU21="*",OR(FS22="*",FT22="*",FU22="*")),1,""))) | GB21: =IF(AND(FR21="*",FR22="*"),1,"") | GJ21: =IF(AND(GD21="*",OR(GE22="*",GF22="*",GG22="*")), 1,"") | GK21: =IF(AND(GD21="*",GH22="*"),1,"") | GL21: =IF(AND(GH22="*", OR(GE21="*", GF21="*",GG21="*")),1,"") | GM21: =IF(AND(GD22="*",OR(GE21="*",GF21="*",GG21="*",GH21="*")),1,IF(AND(GH21="*",OR(GD22="*",GE22="*",GF22="*",GG22="*")),1,"")) | GN21: =IF(AND(GE21="*",OR(GE22="*",GF22="*",GG22="*")),1,IF(AND(GF21="*",OR(GE22="*",GF22="*",GG22="*")),1,IF(AND(GG21="*",OR(GE22="*",GF22="*",GG22="*")),1,""))) | GO21: =IF(AND(GD21="*",GD22="*"),1,"") | GV21: =IF(AND(GQ21="*",OR(GR22="*",GS22="*",GT22="*")), 1,"") | GW21: =IF(AND(GQ21="*",GU22="*"),1,"") | GX21: =IF(AND(GU22="*", OR(GR21="*", GS21="*",GT21="*")),1,"") | GY21: =IF(AND(GQ22="*",OR(GR21="*",GS21="*",GT21="*",GU21="*")),1,IF(AND(GU21="*",OR(GQ22="*",GR22="*",GS22="*",GT22="*")),1,"")) | GZ21: =IF(AND(GR21="*",OR(GR22="*",GS22="*",GT22="*")),1,IF(AND(GS21="*",OR(GR22="*",GS22="*",GT22="*")),1,IF(AND(GT21="*",OR(GR22="*",GS22="*",GT22="*")),1,""))) | HA21: =IF(AND(GQ21="*",GQ22="*"),1,"") | HH21: =IF(AND(HC21="*",OR(HD22="*",HE22="*",HF22="*")), 1,"") | HI21: =IF(AND(HC21="*",HG22="*"),1,"") | HJ21: =IF(AND(HG22="*", OR(HD21="*", HE21="*",HF21="*")),1,"") | HK21: =IF(AND(HC22="*",OR(HD21="*",HE21="*",HF21="*",HG21="*")),1,IF(AND(HG21="*",OR(HC22="*",HD22="*",HE22="*",HF22="*")),1,"")) | HL21: =IF(AND(HD21="*",OR(HD22="*",HE22="*",HF22="*")),1,IF(AND(HE21="*",OR(HD22="*",HE22="*",HF22="*")),1,IF(AND(HF21="*",OR(HD22="*",HE22="*",HF22="*")),1,""))) | HM21: =IF(AND(HC21="*",HC22="*"),1,"") | HT21: =IF(AND(HO21="*",OR(HP22="*",HQ22="*",HR22="*")), 1,"") | HU21: =IF(AND(HO21="*",HS22="*"),1,"") | HV21: =IF(AND(HS22="*", OR(HP21="*", HQ21="*",HR21="*")),1,"") | HW21: =IF(AND(HO22="*",OR(HP21="*",HQ21="*",HR21="*",HS21="*")),1,IF(AND(HS21="*",OR(HO22="*",HP22="*",HQ22="*",HR22="*")),1,"")) | HX21: =IF(AND(HP21="*",OR(HP22="*",HQ22="*",HR22="*")),1,IF(AND(HQ21="*",OR(HP22="*",HQ22="*",HR22="*")),1,IF(AND(HR21="*",OR(HP22="*",HQ22="*",HR22="*")),1,""))) | HY21: =IF(AND(HO21="*",HO22="*"),1,"") | IF21: =IF(AND(IA21="*",OR(IB22="*",IC22="*",ID22="*")), 1,"") | IG21: =IF(AND(IA21="*",IE22="*"),1,"") | IH21: =IF(AND(IE22="*", OR(IB21="*", IC21="*",ID21="*")),1,"") | II21: =IF(AND(IA22="*",OR(IB21="*",IC21="*",ID21="*",IE21="*")),1,IF(AND(IE21="*",OR(IA22="*",IB22="*",IC22="*",ID22="*")),1,"")) | IJ21: =IF(AND(IB21="*",OR(IB22="*",IC22="*",ID22="*")),1,IF(AND(IC21="*",OR(IB22="*",IC22="*",ID22="*")),1,IF(AND(ID21="*",OR(IB22="*",IC22="*",ID22="*")),1,""))) | IK21: =IF(AND(IA21="*",IA22="*"),1,"") | IL21: =COUNT(J21,V21,AH21,AT21,BF21,BS21,CE21,CQ21,DC21,DO21,EA21,EM21,EY21,FK21,FW21,GJ21,GV21,HH21,HT21,IF21) -> 0 | IM21: =COUNT(K21,W21,AI21,AU21,BG21,BT21,CF21,CR21,DD21,DP21,EB21,EN21,EZ21,FL21,FX21,GK21,GW21,HI21,HU21,IG21) -> 0 | IN21: =COUNT(L21,X21,AJ21,AV21,BH21,BU21,CG21,CS21,DE21,DQ21,EC21,EO21,FA21,FM21,FY21,GL21,GX21,HJ21,HV21,IH21) -> 0 | IO21: =COUNT(M21,Y21,AK21,AW21,BI21,BV21,CH21,CT21,DF21,DR21,ED21,EP21,FB21,FN21,FZ21,GM21,GY21,HK21,HW21,II21) -> 0 | IP21: =COUNT(N21,Z21,AL21,AX21,BJ21,BW21,CI21,CU21,DG21,DS21,EE21,EQ21,FC21,FO21,GA21,GN21,GZ21,HL21,HX21,IJ21) -> 0 | IQ21: =COUNT(O21,AA21,AM21,AY21,BK21,BX21,CJ21,CV21,DH21,DT21,EF21,ER21,FD21,FP21,GB21,GO21,HA21,HM21,HY21,IK21) -> 0
D22: 부정적 질문
B23: 11 | C23: =고객요구사항도출표!C15 -> 0 | D23: 긍정적 질문 | J23: =IF(AND(E23="*",OR(F24="*",G24="*",H24="*")), 1,"") | K23: =IF(AND(E23="*",I24="*"),1,"") | L23: =IF(AND(I24="*", OR(F23="*", G23="*",H23="*")),1,"") | M23: =IF(AND(E24="*",OR(F23="*",G23="*",H23="*",I23="*")),1,IF(AND(I23="*",OR(E24="*",F24="*",G24="*",H24="*")),1,"")) | N23: =IF(AND(F23="*",OR(F24="*",G24="*",H24="*")),1,IF(AND(G23="*",OR(F24="*",G24="*",H24="*")),1,IF(AND(H23="*",OR(F24="*",G24="*",H24="*")),1,""))) | O23: =IF(AND(E23="*",E24="*"),1,"") | V23: =IF(AND(Q23="*",OR(R24="*",S24="*",T24="*")), 1,"") | W23: =IF(AND(Q23="*",U24="*"),1,"") | X23: =IF(AND(U24="*", OR(R23="*", S23="*",T23="*")),1,"") | Y23: =IF(AND(Q24="*",OR(R23="*",S23="*",T23="*",U23="*")),1,IF(AND(U23="*",OR(Q24="*",R24="*",S24="*",T24="*")),1,"")) | Z23: =IF(AND(R23="*",OR(R24="*",S24="*",T24="*")),1,IF(AND(S23="*",OR(R24="*",S24="*",T24="*")),1,IF(AND(T23="*",OR(R24="*",S24="*",T24="*")),1,""))) | AA23: =IF(AND(Q23="*",Q24="*"),1,"") | AH23: =IF(AND(AC23="*",OR(AD24="*",AE24="*",AF24="*")), 1,"") | AI23: =IF(AND(AC23="*",AG24="*"),1,"") | AJ23: =IF(AND(AG24="*", OR(AD23="*", AE23="*",AF23="*")),1,"") | AK23: =IF(AND(AC24="*",OR(AD23="*",AE23="*",AF23="*",AG23="*")),1,IF(AND(AG23="*",OR(AC24="*",AD24="*",AE24="*",AF24="*")),1,"")) | AL23: =IF(AND(AD23="*",OR(AD24="*",AE24="*",AF24="*")),1,IF(AND(AE23="*",OR(AD24="*",AE24="*",AF24="*")),1,IF(AND(AF23="*",OR(AD24="*",AE24="*",AF24="*")),1,""))) | AM23: =IF(AND(AC23="*",AC24="*"),1,"") | AT23: =IF(AND(AO23="*",OR(AP24="*",AQ24="*",AR24="*")), 1,"") | AU23: =IF(AND(AO23="*",AS24="*"),1,"") | AV23: =IF(AND(AS24="*", OR(AP23="*", AQ23="*",AR23="*")),1,"") | AW23: =IF(AND(AO24="*",OR(AP23="*",AQ23="*",AR23="*",AS23="*")),1,IF(AND(AS23="*",OR(AO24="*",AP24="*",AQ24="*",AR24="*")),1,"")) | AX23: =IF(AND(AP23="*",OR(AP24="*",AQ24="*",AR24="*")),1,IF(AND(AQ23="*",OR(AP24="*",AQ24="*",AR24="*")),1,IF(AND(AR23="*",OR(AP24="*",AQ24="*",AR24="*")),1,""))) | AY23: =IF(AND(AO23="*",AO24="*"),1,"") | BF23: =IF(AND(BA23="*",OR(BB24="*",BC24="*",BD24="*")), 1,"") | BG23: =IF(AND(BA23="*",BE24="*"),1,"") | BH23: =IF(AND(BE24="*", OR(BB23="*", BC23="*",BD23="*")),1,"") | BI23: =IF(AND(BA24="*",OR(BB23="*",BC23="*",BD23="*",BE23="*")),1,IF(AND(BE23="*",OR(BA24="*",BB24="*",BC24="*",BD24="*")),1,"")) | BJ23: =IF(AND(BB23="*",OR(BB24="*",BC24="*",BD24="*")),1,IF(AND(BC23="*",OR(BB24="*",BC24="*",BD24="*")),1,IF(AND(BD23="*",OR(BB24="*",BC24="*",BD24="*")),1,""))) | BK23: =IF(AND(BA23="*",BA24="*"),1,"") | BS23: =IF(AND(BM23="*",OR(BN24="*",BO24="*",BP24="*")), 1,"") | BT23: =IF(AND(BM23="*",BQ24="*"),1,"") | BU23: =IF(AND(BQ24="*", OR(BN23="*", BO23="*",BP23="*")),1,"") | BV23: =IF(AND(BM24="*",OR(BN23="*",BO23="*",BP23="*",BQ23="*")),1,IF(AND(BQ23="*",OR(BM24="*",BN24="*",BO24="*",BP24="*")),1,"")) | BW23: =IF(AND(BN23="*",OR(BN24="*",BO24="*",BP24="*")),1,IF(AND(BO23="*",OR(BN24="*",BO24="*",BP24="*")),1,IF(AND(BP23="*",OR(BN24="*",BO24="*",BP24="*")),1,""))) | BX23: =IF(AND(BM23="*",BM24="*"),1,"") | CE23: =IF(AND(BZ23="*",OR(CA24="*",CB24="*",CC24="*")), 1,"") | CF23: =IF(AND(BZ23="*",CD24="*"),1,"") | CG23: =IF(AND(CD24="*", OR(CA23="*", CB23="*",CC23="*")),1,"") | CH23: =IF(AND(BZ24="*",OR(CA23="*",CB23="*",CC23="*",CD23="*")),1,IF(AND(CD23="*",OR(BZ24="*",CA24="*",CB24="*",CC24="*")),1,"")) | CI23: =IF(AND(CA23="*",OR(CA24="*",CB24="*",CC24="*")),1,IF(AND(CB23="*",OR(CA24="*",CB24="*",CC24="*")),1,IF(AND(CC23="*",OR(CA24="*",CB24="*",CC24="*")),1,""))) | CJ23: =IF(AND(BZ23="*",BZ24="*"),1,"") | CQ23: =IF(AND(CL23="*",OR(CM24="*",CN24="*",CO24="*")), 1,"") | CR23: =IF(AND(CL23="*",CP24="*"),1,"") | CS23: =IF(AND(CP24="*", OR(CM23="*", CN23="*",CO23="*")),1,"") | CT23: =IF(AND(CL24="*",OR(CM23="*",CN23="*",CO23="*",CP23="*")),1,IF(AND(CP23="*",OR(CL24="*",CM24="*",CN24="*",CO24="*")),1,"")) | CU23: =IF(AND(CM23="*",OR(CM24="*",CN24="*",CO24="*")),1,IF(AND(CN23="*",OR(CM24="*",CN24="*",CO24="*")),1,IF(AND(CO23="*",OR(CM24="*",CN24="*",CO24="*")),1,""))) | CV23: =IF(AND(CL23="*",CL24="*"),1,"") | DC23: =IF(AND(CX23="*",OR(CY24="*",CZ24="*",DA24="*")), 1,"") | DD23: =IF(AND(CX23="*",DB24="*"),1,"") | DE23: =IF(AND(DB24="*", OR(CY23="*", CZ23="*",DA23="*")),1,"") | DF23: =IF(AND(CX24="*",OR(CY23="*",CZ23="*",DA23="*",DB23="*")),1,IF(AND(DB23="*",OR(CX24="*",CY24="*",CZ24="*",DA24="*")),1,"")) | DG23: =IF(AND(CY23="*",OR(CY24="*",CZ24="*",DA24="*")),1,IF(AND(CZ23="*",OR(CY24="*",CZ24="*",DA24="*")),1,IF(AND(DA23="*",OR(CY24="*",CZ24="*",DA24="*")),1,""))) | DH23: =IF(AND(CX23="*",CX24="*"),1,"") | DO23: =IF(AND(DJ23="*",OR(DK24="*",DL24="*",DM24="*")), 1,"") | DP23: =IF(AND(DJ23="*",DN24="*"),1,"") | DQ23: =IF(AND(DN24="*", OR(DK23="*", DL23="*",DM23="*")),1,"") | DR23: =IF(AND(DJ24="*",OR(DK23="*",DL23="*",DM23="*",DN23="*")),1,IF(AND(DN23="*",OR(DJ24="*",DK24="*",DL24="*",DM24="*")),1,"")) | DS23: =IF(AND(DK23="*",OR(DK24="*",DL24="*",DM24="*")),1,IF(AND(DL23="*",OR(DK24="*",DL24="*",DM24="*")),1,IF(AND(DM23="*",OR(DK24="*",DL24="*",DM24="*")),1,""))) | DT23: =IF(AND(DJ23="*",DJ24="*"),1,"") | EA23: =IF(AND(DV23="*",OR(DW24="*",DX24="*",DY24="*")), 1,"") | EB23: =IF(AND(DV23="*",DZ24="*"),1,"") | EC23: =IF(AND(DZ24="*", OR(DW23="*", DX23="*",DY23="*")),1,"") | ED23: =IF(AND(DV24="*",OR(DW23="*",DX23="*",DY23="*",DZ23="*")),1,IF(AND(DZ23="*",OR(DV24="*",DW24="*",DX24="*",DY24="*")),1,"")) | EE23: =IF(AND(DW23="*",OR(DW24="*",DX24="*",DY24="*")),1,IF(AND(DX23="*",OR(DW24="*",DX24="*",DY24="*")),1,IF(AND(DY23="*",OR(DW24="*",DX24="*",DY24="*")),1,""))) | EF23: =IF(AND(DV23="*",DV24="*"),1,"") | EM23: =IF(AND(EH23="*",OR(EI24="*",EJ24="*",EK24="*")), 1,"") | EN23: =IF(AND(EH23="*",EL24="*"),1,"") | EO23: =IF(AND(EL24="*", OR(EI23="*", EJ23="*",EK23="*")),1,"") | EP23: =IF(AND(EH24="*",OR(EI23="*",EJ23="*",EK23="*",EL23="*")),1,IF(AND(EL23="*",OR(EH24="*",EI24="*",EJ24="*",EK24="*")),1,"")) | EQ23: =IF(AND(EI23="*",OR(EI24="*",EJ24="*",EK24="*")),1,IF(AND(EJ23="*",OR(EI24="*",EJ24="*",EK24="*")),1,IF(AND(EK23="*",OR(EI24="*",EJ24="*",EK24="*")),1,""))) | ER23: =IF(AND(EH23="*",EH24="*"),1,"") | EY23: =IF(AND(ET23="*",OR(EU24="*",EV24="*",EW24="*")), 1,"") | EZ23: =IF(AND(ET23="*",EX24="*"),1,"") | FA23: =IF(AND(EX24="*", OR(EU23="*", EV23="*",EW23="*")),1,"") | FB23: =IF(AND(ET24="*",OR(EU23="*",EV23="*",EW23="*",EX23="*")),1,IF(AND(EX23="*",OR(ET24="*",EU24="*",EV24="*",EW24="*")),1,"")) | FC23: =IF(AND(EU23="*",OR(EU24="*",EV24="*",EW24="*")),1,IF(AND(EV23="*",OR(EU24="*",EV24="*",EW24="*")),1,IF(AND(EW23="*",OR(EU24="*",EV24="*",EW24="*")),1,""))) | FD23: =IF(AND(ET23="*",ET24="*"),1,"") | FK23: =IF(AND(FF23="*",OR(FG24="*",FH24="*",FI24="*")), 1,"") | FL23: =IF(AND(FF23="*",FJ24="*"),1,"") | FM23: =IF(AND(FJ24="*", OR(FG23="*", FH23="*",FI23="*")),1,"") | FN23: =IF(AND(FF24="*",OR(FG23="*",FH23="*",FI23="*",FJ23="*")),1,IF(AND(FJ23="*",OR(FF24="*",FG24="*",FH24="*",FI24="*")),1,"")) | FO23: =IF(AND(FG23="*",OR(FG24="*",FH24="*",FI24="*")),1,IF(AND(FH23="*",OR(FG24="*",FH24="*",FI24="*")),1,IF(AND(FI23="*",OR(FG24="*",FH24="*",FI24="*")),1,""))) | FP23: =IF(AND(FF23="*",FF24="*"),1,"") | FW23: =IF(AND(FR23="*",OR(FS24="*",FT24="*",FU24="*")), 1,"") | FX23: =IF(AND(FR23="*",FV24="*"),1,"") | FY23: =IF(AND(FV24="*", OR(FS23="*", FT23="*",FU23="*")),1,"") | FZ23: =IF(AND(FR24="*",OR(FS23="*",FT23="*",FU23="*",FV23="*")),1,IF(AND(FV23="*",OR(FR24="*",FS24="*",FT24="*",FU24="*")),1,"")) | GA23: =IF(AND(FS23="*",OR(FS24="*",FT24="*",FU24="*")),1,IF(AND(FT23="*",OR(FS24="*",FT24="*",FU24="*")),1,IF(AND(FU23="*",OR(FS24="*",FT24="*",FU24="*")),1,""))) | GB23: =IF(AND(FR23="*",FR24="*"),1,"") | GJ23: =IF(AND(GD23="*",OR(GE24="*",GF24="*",GG24="*")), 1,"") | GK23: =IF(AND(GD23="*",GH24="*"),1,"") | GL23: =IF(AND(GH24="*", OR(GE23="*", GF23="*",GG23="*")),1,"") | GM23: =IF(AND(GD24="*",OR(GE23="*",GF23="*",GG23="*",GH23="*")),1,IF(AND(GH23="*",OR(GD24="*",GE24="*",GF24="*",GG24="*")),1,"")) | GN23: =IF(AND(GE23="*",OR(GE24="*",GF24="*",GG24="*")),1,IF(AND(GF23="*",OR(GE24="*",GF24="*",GG24="*")),1,IF(AND(GG23="*",OR(GE24="*",GF24="*",GG24="*")),1,""))) | GO23: =IF(AND(GD23="*",GD24="*"),1,"") | GV23: =IF(AND(GQ23="*",OR(GR24="*",GS24="*",GT24="*")), 1,"") | GW23: =IF(AND(GQ23="*",GU24="*"),1,"") | GX23: =IF(AND(GU24="*", OR(GR23="*", GS23="*",GT23="*")),1,"") | GY23: =IF(AND(GQ24="*",OR(GR23="*",GS23="*",GT23="*",GU23="*")),1,IF(AND(GU23="*",OR(GQ24="*",GR24="*",GS24="*",GT24="*")),1,"")) | GZ23: =IF(AND(GR23="*",OR(GR24="*",GS24="*",GT24="*")),1,IF(AND(GS23="*",OR(GR24="*",GS24="*",GT24="*")),1,IF(AND(GT23="*",OR(GR24="*",GS24="*",GT24="*")),1,""))) | HA23: =IF(AND(GQ23="*",GQ24="*"),1,"") | HH23: =IF(AND(HC23="*",OR(HD24="*",HE24="*",HF24="*")), 1,"") | HI23: =IF(AND(HC23="*",HG24="*"),1,"") | HJ23: =IF(AND(HG24="*", OR(HD23="*", HE23="*",HF23="*")),1,"") | HK23: =IF(AND(HC24="*",OR(HD23="*",HE23="*",HF23="*",HG23="*")),1,IF(AND(HG23="*",OR(HC24="*",HD24="*",HE24="*",HF24="*")),1,"")) | HL23: =IF(AND(HD23="*",OR(HD24="*",HE24="*",HF24="*")),1,IF(AND(HE23="*",OR(HD24="*",HE24="*",HF24="*")),1,IF(AND(HF23="*",OR(HD24="*",HE24="*",HF24="*")),1,""))) | HM23: =IF(AND(HC23="*",HC24="*"),1,"") | HT23: =IF(AND(HO23="*",OR(HP24="*",HQ24="*",HR24="*")), 1,"") | HU23: =IF(AND(HO23="*",HS24="*"),1,"") | HV23: =IF(AND(HS24="*", OR(HP23="*", HQ23="*",HR23="*")),1,"") | HW23: =IF(AND(HO24="*",OR(HP23="*",HQ23="*",HR23="*",HS23="*")),1,IF(AND(HS23="*",OR(HO24="*",HP24="*",HQ24="*",HR24="*")),1,"")) | HX23: =IF(AND(HP23="*",OR(HP24="*",HQ24="*",HR24="*")),1,IF(AND(HQ23="*",OR(HP24="*",HQ24="*",HR24="*")),1,IF(AND(HR23="*",OR(HP24="*",HQ24="*",HR24="*")),1,""))) | HY23: =IF(AND(HO23="*",HO24="*"),1,"") | IF23: =IF(AND(IA23="*",OR(IB24="*",IC24="*",ID24="*")), 1,"") | IG23: =IF(AND(IA23="*",IE24="*"),1,"") | IH23: =IF(AND(IE24="*", OR(IB23="*", IC23="*",ID23="*")),1,"") | II23: =IF(AND(IA24="*",OR(IB23="*",IC23="*",ID23="*",IE23="*")),1,IF(AND(IE23="*",OR(IA24="*",IB24="*",IC24="*",ID24="*")),1,"")) | IJ23: =IF(AND(IB23="*",OR(IB24="*",IC24="*",ID24="*")),1,IF(AND(IC23="*",OR(IB24="*",IC24="*",ID24="*")),1,IF(AND(ID23="*",OR(IB24="*",IC24="*",ID24="*")),1,""))) | IK23: =IF(AND(IA23="*",IA24="*"),1,"") | IL23: =COUNT(J23,V23,AH23,AT23,BF23,BS23,CE23,CQ23,DC23,DO23,EA23,EM23,EY23,FK23,FW23,GJ23,GV23,HH23,HT23,IF23) -> 0 | IM23: =COUNT(K23,W23,AI23,AU23,BG23,BT23,CF23,CR23,DD23,DP23,EB23,EN23,EZ23,FL23,FX23,GK23,GW23,HI23,HU23,IG23) -> 0 | IN23: =COUNT(L23,X23,AJ23,AV23,BH23,BU23,CG23,CS23,DE23,DQ23,EC23,EO23,FA23,FM23,FY23,GL23,GX23,HJ23,HV23,IH23) -> 0 | IO23: =COUNT(M23,Y23,AK23,AW23,BI23,BV23,CH23,CT23,DF23,DR23,ED23,EP23,FB23,FN23,FZ23,GM23,GY23,HK23,HW23,II23) -> 0 | IP23: =COUNT(N23,Z23,AL23,AX23,BJ23,BW23,CI23,CU23,DG23,DS23,EE23,EQ23,FC23,FO23,GA23,GN23,GZ23,HL23,HX23,IJ23) -> 0 | IQ23: =COUNT(O23,AA23,AM23,AY23,BK23,BX23,CJ23,CV23,DH23,DT23,EF23,ER23,FD23,FP23,GB23,GO23,HA23,HM23,HY23,IK23) -> 0
D24: 부정적 질문
B25: 12 | C25: =고객요구사항도출표!C16 -> 0 | D25: 긍정적 질문 | J25: =IF(AND(E25="*",OR(F26="*",G26="*",H26="*")), 1,"") | K25: =IF(AND(E25="*",I26="*"),1,"") | L25: =IF(AND(I26="*", OR(F25="*", G25="*",H25="*")),1,"") | M25: =IF(AND(E26="*",OR(F25="*",G25="*",H25="*",I25="*")),1,IF(AND(I25="*",OR(E26="*",F26="*",G26="*",H26="*")),1,"")) | N25: =IF(AND(F25="*",OR(F26="*",G26="*",H26="*")),1,IF(AND(G25="*",OR(F26="*",G26="*",H26="*")),1,IF(AND(H25="*",OR(F26="*",G26="*",H26="*")),1,""))) | O25: =IF(AND(E25="*",E26="*"),1,"") | V25: =IF(AND(Q25="*",OR(R26="*",S26="*",T26="*")), 1,"") | W25: =IF(AND(Q25="*",U26="*"),1,"") | X25: =IF(AND(U26="*", OR(R25="*", S25="*",T25="*")),1,"") | Y25: =IF(AND(Q26="*",OR(R25="*",S25="*",T25="*",U25="*")),1,IF(AND(U25="*",OR(Q26="*",R26="*",S26="*",T26="*")),1,"")) | Z25: =IF(AND(R25="*",OR(R26="*",S26="*",T26="*")),1,IF(AND(S25="*",OR(R26="*",S26="*",T26="*")),1,IF(AND(T25="*",OR(R26="*",S26="*",T26="*")),1,""))) | AA25: =IF(AND(Q25="*",Q26="*"),1,"") | AH25: =IF(AND(AC25="*",OR(AD26="*",AE26="*",AF26="*")), 1,"") | AI25: =IF(AND(AC25="*",AG26="*"),1,"") | AJ25: =IF(AND(AG26="*", OR(AD25="*", AE25="*",AF25="*")),1,"") | AK25: =IF(AND(AC26="*",OR(AD25="*",AE25="*",AF25="*",AG25="*")),1,IF(AND(AG25="*",OR(AC26="*",AD26="*",AE26="*",AF26="*")),1,"")) | AL25: =IF(AND(AD25="*",OR(AD26="*",AE26="*",AF26="*")),1,IF(AND(AE25="*",OR(AD26="*",AE26="*",AF26="*")),1,IF(AND(AF25="*",OR(AD26="*",AE26="*",AF26="*")),1,""))) | AM25: =IF(AND(AC25="*",AC26="*"),1,"") | AT25: =IF(AND(AO25="*",OR(AP26="*",AQ26="*",AR26="*")), 1,"") | AU25: =IF(AND(AO25="*",AS26="*"),1,"") | AV25: =IF(AND(AS26="*", OR(AP25="*", AQ25="*",AR25="*")),1,"") | AW25: =IF(AND(AO26="*",OR(AP25="*",AQ25="*",AR25="*",AS25="*")),1,IF(AND(AS25="*",OR(AO26="*",AP26="*",AQ26="*",AR26="*")),1,"")) | AX25: =IF(AND(AP25="*",OR(AP26="*",AQ26="*",AR26="*")),1,IF(AND(AQ25="*",OR(AP26="*",AQ26="*",AR26="*")),1,IF(AND(AR25="*",OR(AP26="*",AQ26="*",AR26="*")),1,""))) | AY25: =IF(AND(AO25="*",AO26="*"),1,"") | BF25: =IF(AND(BA25="*",OR(BB26="*",BC26="*",BD26="*")), 1,"") | BG25: =IF(AND(BA25="*",BE26="*"),1,"") | BH25: =IF(AND(BE26="*", OR(BB25="*", BC25="*",BD25="*")),1,"") | BI25: =IF(AND(BA26="*",OR(BB25="*",BC25="*",BD25="*",BE25="*")),1,IF(AND(BE25="*",OR(BA26="*",BB26="*",BC26="*",BD26="*")),1,"")) | BJ25: =IF(AND(BB25="*",OR(BB26="*",BC26="*",BD26="*")),1,IF(AND(BC25="*",OR(BB26="*",BC26="*",BD26="*")),1,IF(AND(BD25="*",OR(BB26="*",BC26="*",BD26="*")),1,""))) | BK25: =IF(AND(BA25="*",BA26="*"),1,"") | BS25: =IF(AND(BM25="*",OR(BN26="*",BO26="*",BP26="*")), 1,"") | BT25: =IF(AND(BM25="*",BQ26="*"),1,"") | BU25: =IF(AND(BQ26="*", OR(BN25="*", BO25="*",BP25="*")),1,"") | BV25: =IF(AND(BM26="*",OR(BN25="*",BO25="*",BP25="*",BQ25="*")),1,IF(AND(BQ25="*",OR(BM26="*",BN26="*",BO26="*",BP26="*")),1,"")) | BW25: =IF(AND(BN25="*",OR(BN26="*",BO26="*",BP26="*")),1,IF(AND(BO25="*",OR(BN26="*",BO26="*",BP26="*")),1,IF(AND(BP25="*",OR(BN26="*",BO26="*",BP26="*")),1,""))) | BX25: =IF(AND(BM25="*",BM26="*"),1,"") | CE25: =IF(AND(BZ25="*",OR(CA26="*",CB26="*",CC26="*")), 1,"") | CF25: =IF(AND(BZ25="*",CD26="*"),1,"") | CG25: =IF(AND(CD26="*", OR(CA25="*", CB25="*",CC25="*")),1,"") | CH25: =IF(AND(BZ26="*",OR(CA25="*",CB25="*",CC25="*",CD25="*")),1,IF(AND(CD25="*",OR(BZ26="*",CA26="*",CB26="*",CC26="*")),1,"")) | CI25: =IF(AND(CA25="*",OR(CA26="*",CB26="*",CC26="*")),1,IF(AND(CB25="*",OR(CA26="*",CB26="*",CC26="*")),1,IF(AND(CC25="*",OR(CA26="*",CB26="*",CC26="*")),1,""))) | CJ25: =IF(AND(BZ25="*",BZ26="*"),1,"") | CQ25: =IF(AND(CL25="*",OR(CM26="*",CN26="*",CO26="*")), 1,"") | CR25: =IF(AND(CL25="*",CP26="*"),1,"") | CS25: =IF(AND(CP26="*", OR(CM25="*", CN25="*",CO25="*")),1,"") | CT25: =IF(AND(CL26="*",OR(CM25="*",CN25="*",CO25="*",CP25="*")),1,IF(AND(CP25="*",OR(CL26="*",CM26="*",CN26="*",CO26="*")),1,"")) | CU25: =IF(AND(CM25="*",OR(CM26="*",CN26="*",CO26="*")),1,IF(AND(CN25="*",OR(CM26="*",CN26="*",CO26="*")),1,IF(AND(CO25="*",OR(CM26="*",CN26="*",CO26="*")),1,""))) | CV25: =IF(AND(CL25="*",CL26="*"),1,"") | DC25: =IF(AND(CX25="*",OR(CY26="*",CZ26="*",DA26="*")), 1,"") | DD25: =IF(AND(CX25="*",DB26="*"),1,"") | DE25: =IF(AND(DB26="*", OR(CY25="*", CZ25="*",DA25="*")),1,"") | DF25: =IF(AND(CX26="*",OR(CY25="*",CZ25="*",DA25="*",DB25="*")),1,IF(AND(DB25="*",OR(CX26="*",CY26="*",CZ26="*",DA26="*")),1,"")) | DG25: =IF(AND(CY25="*",OR(CY26="*",CZ26="*",DA26="*")),1,IF(AND(CZ25="*",OR(CY26="*",CZ26="*",DA26="*")),1,IF(AND(DA25="*",OR(CY26="*",CZ26="*",DA26="*")),1,""))) | DH25: =IF(AND(CX25="*",CX26="*"),1,"") | DO25: =IF(AND(DJ25="*",OR(DK26="*",DL26="*",DM26="*")), 1,"") | DP25: =IF(AND(DJ25="*",DN26="*"),1,"") | DQ25: =IF(AND(DN26="*", OR(DK25="*", DL25="*",DM25="*")),1,"") | DR25: =IF(AND(DJ26="*",OR(DK25="*",DL25="*",DM25="*",DN25="*")),1,IF(AND(DN25="*",OR(DJ26="*",DK26="*",DL26="*",DM26="*")),1,"")) | DS25: =IF(AND(DK25="*",OR(DK26="*",DL26="*",DM26="*")),1,IF(AND(DL25="*",OR(DK26="*",DL26="*",DM26="*")),1,IF(AND(DM25="*",OR(DK26="*",DL26="*",DM26="*")),1,""))) | DT25: =IF(AND(DJ25="*",DJ26="*"),1,"") | EA25: =IF(AND(DV25="*",OR(DW26="*",DX26="*",DY26="*")), 1,"") | EB25: =IF(AND(DV25="*",DZ26="*"),1,"") | EC25: =IF(AND(DZ26="*", OR(DW25="*", DX25="*",DY25="*")),1,"") | ED25: =IF(AND(DV26="*",OR(DW25="*",DX25="*",DY25="*",DZ25="*")),1,IF(AND(DZ25="*",OR(DV26="*",DW26="*",DX26="*",DY26="*")),1,"")) | EE25: =IF(AND(DW25="*",OR(DW26="*",DX26="*",DY26="*")),1,IF(AND(DX25="*",OR(DW26="*",DX26="*",DY26="*")),1,IF(AND(DY25="*",OR(DW26="*",DX26="*",DY26="*")),1,""))) | EF25: =IF(AND(DV25="*",DV26="*"),1,"") | EM25: =IF(AND(EH25="*",OR(EI26="*",EJ26="*",EK26="*")), 1,"") | EN25: =IF(AND(EH25="*",EL26="*"),1,"") | EO25: =IF(AND(EL26="*", OR(EI25="*", EJ25="*",EK25="*")),1,"") | EP25: =IF(AND(EH26="*",OR(EI25="*",EJ25="*",EK25="*",EL25="*")),1,IF(AND(EL25="*",OR(EH26="*",EI26="*",EJ26="*",EK26="*")),1,"")) | EQ25: =IF(AND(EI25="*",OR(EI26="*",EJ26="*",EK26="*")),1,IF(AND(EJ25="*",OR(EI26="*",EJ26="*",EK26="*")),1,IF(AND(EK25="*",OR(EI26="*",EJ26="*",EK26="*")),1,""))) | ER25: =IF(AND(EH25="*",EH26="*"),1,"") | EY25: =IF(AND(ET25="*",OR(EU26="*",EV26="*",EW26="*")), 1,"") | EZ25: =IF(AND(ET25="*",EX26="*"),1,"") | FA25: =IF(AND(EX26="*", OR(EU25="*", EV25="*",EW25="*")),1,"") | FB25: =IF(AND(ET26="*",OR(EU25="*",EV25="*",EW25="*",EX25="*")),1,IF(AND(EX25="*",OR(ET26="*",EU26="*",EV26="*",EW26="*")),1,"")) | FC25: =IF(AND(EU25="*",OR(EU26="*",EV26="*",EW26="*")),1,IF(AND(EV25="*",OR(EU26="*",EV26="*",EW26="*")),1,IF(AND(EW25="*",OR(EU26="*",EV26="*",EW26="*")),1,""))) | FD25: =IF(AND(ET25="*",ET26="*"),1,"") | FK25: =IF(AND(FF25="*",OR(FG26="*",FH26="*",FI26="*")), 1,"") | FL25: =IF(AND(FF25="*",FJ26="*"),1,"") | FM25: =IF(AND(FJ26="*", OR(FG25="*", FH25="*",FI25="*")),1,"") | FN25: =IF(AND(FF26="*",OR(FG25="*",FH25="*",FI25="*",FJ25="*")),1,IF(AND(FJ25="*",OR(FF26="*",FG26="*",FH26="*",FI26="*")),1,"")) | FO25: =IF(AND(FG25="*",OR(FG26="*",FH26="*",FI26="*")),1,IF(AND(FH25="*",OR(FG26="*",FH26="*",FI26="*")),1,IF(AND(FI25="*",OR(FG26="*",FH26="*",FI26="*")),1,""))) | FP25: =IF(AND(FF25="*",FF26="*"),1,"") | FW25: =IF(AND(FR25="*",OR(FS26="*",FT26="*",FU26="*")), 1,"") | FX25: =IF(AND(FR25="*",FV26="*"),1,"") | FY25: =IF(AND(FV26="*", OR(FS25="*", FT25="*",FU25="*")),1,"") | FZ25: =IF(AND(FR26="*",OR(FS25="*",FT25="*",FU25="*",FV25="*")),1,IF(AND(FV25="*",OR(FR26="*",FS26="*",FT26="*",FU26="*")),1,"")) | GA25: =IF(AND(FS25="*",OR(FS26="*",FT26="*",FU26="*")),1,IF(AND(FT25="*",OR(FS26="*",FT26="*",FU26="*")),1,IF(AND(FU25="*",OR(FS26="*",FT26="*",FU26="*")),1,""))) | GB25: =IF(AND(FR25="*",FR26="*"),1,"") | GJ25: =IF(AND(GD25="*",OR(GE26="*",GF26="*",GG26="*")), 1,"") | GK25: =IF(AND(GD25="*",GH26="*"),1,"") | GL25: =IF(AND(GH26="*", OR(GE25="*", GF25="*",GG25="*")),1,"") | GM25: =IF(AND(GD26="*",OR(GE25="*",GF25="*",GG25="*",GH25="*")),1,IF(AND(GH25="*",OR(GD26="*",GE26="*",GF26="*",GG26="*")),1,"")) | GN25: =IF(AND(GE25="*",OR(GE26="*",GF26="*",GG26="*")),1,IF(AND(GF25="*",OR(GE26="*",GF26="*",GG26="*")),1,IF(AND(GG25="*",OR(GE26="*",GF26="*",GG26="*")),1,""))) | GO25: =IF(AND(GD25="*",GD26="*"),1,"") | GV25: =IF(AND(GQ25="*",OR(GR26="*",GS26="*",GT26="*")), 1,"") | GW25: =IF(AND(GQ25="*",GU26="*"),1,"") | GX25: =IF(AND(GU26="*", OR(GR25="*", GS25="*",GT25="*")),1,"") | GY25: =IF(AND(GQ26="*",OR(GR25="*",GS25="*",GT25="*",GU25="*")),1,IF(AND(GU25="*",OR(GQ26="*",GR26="*",GS26="*",GT26="*")),1,"")) | GZ25: =IF(AND(GR25="*",OR(GR26="*",GS26="*",GT26="*")),1,IF(AND(GS25="*",OR(GR26="*",GS26="*",GT26="*")),1,IF(AND(GT25="*",OR(GR26="*",GS26="*",GT26="*")),1,""))) | HA25: =IF(AND(GQ25="*",GQ26="*"),1,"") | HH25: =IF(AND(HC25="*",OR(HD26="*",HE26="*",HF26="*")), 1,"") | HI25: =IF(AND(HC25="*",HG26="*"),1,"") | HJ25: =IF(AND(HG26="*", OR(HD25="*", HE25="*",HF25="*")),1,"") | HK25: =IF(AND(HC26="*",OR(HD25="*",HE25="*",HF25="*",HG25="*")),1,IF(AND(HG25="*",OR(HC26="*",HD26="*",HE26="*",HF26="*")),1,"")) | HL25: =IF(AND(HD25="*",OR(HD26="*",HE26="*",HF26="*")),1,IF(AND(HE25="*",OR(HD26="*",HE26="*",HF26="*")),1,IF(AND(HF25="*",OR(HD26="*",HE26="*",HF26="*")),1,""))) | HM25: =IF(AND(HC25="*",HC26="*"),1,"") | HT25: =IF(AND(HO25="*",OR(HP26="*",HQ26="*",HR26="*")), 1,"") | HU25: =IF(AND(HO25="*",HS26="*"),1,"") | HV25: =IF(AND(HS26="*", OR(HP25="*", HQ25="*",HR25="*")),1,"") | HW25: =IF(AND(HO26="*",OR(HP25="*",HQ25="*",HR25="*",HS25="*")),1,IF(AND(HS25="*",OR(HO26="*",HP26="*",HQ26="*",HR26="*")),1,"")) | HX25: =IF(AND(HP25="*",OR(HP26="*",HQ26="*",HR26="*")),1,IF(AND(HQ25="*",OR(HP26="*",HQ26="*",HR26="*")),1,IF(AND(HR25="*",OR(HP26="*",HQ26="*",HR26="*")),1,""))) | HY25: =IF(AND(HO25="*",HO26="*"),1,"") | IF25: =IF(AND(IA25="*",OR(IB26="*",IC26="*",ID26="*")), 1,"") | IG25: =IF(AND(IA25="*",IE26="*"),1,"") | IH25: =IF(AND(IE26="*", OR(IB25="*", IC25="*",ID25="*")),1,"") | II25: =IF(AND(IA26="*",OR(IB25="*",IC25="*",ID25="*",IE25="*")),1,IF(AND(IE25="*",OR(IA26="*",IB26="*",IC26="*",ID26="*")),1,"")) | IJ25: =IF(AND(IB25="*",OR(IB26="*",IC26="*",ID26="*")),1,IF(AND(IC25="*",OR(IB26="*",IC26="*",ID26="*")),1,IF(AND(ID25="*",OR(IB26="*",IC26="*",ID26="*")),1,""))) | IK25: =IF(AND(IA25="*",IA26="*"),1,"") | IL25: =COUNT(J25,V25,AH25,AT25,BF25,BS25,CE25,CQ25,DC25,DO25,EA25,EM25,EY25,FK25,FW25,GJ25,GV25,HH25,HT25,IF25) -> 0 | IM25: =COUNT(K25,W25,AI25,AU25,BG25,BT25,CF25,CR25,DD25,DP25,EB25,EN25,EZ25,FL25,FX25,GK25,GW25,HI25,HU25,IG25) -> 0 | IN25: =COUNT(L25,X25,AJ25,AV25,BH25,BU25,CG25,CS25,DE25,DQ25,EC25,EO25,FA25,FM25,FY25,GL25,GX25,HJ25,HV25,IH25) -> 0 | IO25: =COUNT(M25,Y25,AK25,AW25,BI25,BV25,CH25,CT25,DF25,DR25,ED25,EP25,FB25,FN25,FZ25,GM25,GY25,HK25,HW25,II25) -> 0 | IP25: =COUNT(N25,Z25,AL25,AX25,BJ25,BW25,CI25,CU25,DG25,DS25,EE25,EQ25,FC25,FO25,GA25,GN25,GZ25,HL25,HX25,IJ25) -> 0 | IQ25: =COUNT(O25,AA25,AM25,AY25,BK25,BX25,CJ25,CV25,DH25,DT25,EF25,ER25,FD25,FP25,GB25,GO25,HA25,HM25,HY25,IK25) -> 0
D26: 부정적 질문
B27: 13 | C27: =고객요구사항도출표!C17 -> 0 | D27: 긍정적 질문 | J27: =IF(AND(E27="*",OR(F28="*",G28="*",H28="*")), 1,"") | K27: =IF(AND(E27="*",I28="*"),1,"") | L27: =IF(AND(I28="*", OR(F27="*", G27="*",H27="*")),1,"") | M27: =IF(AND(E28="*",OR(F27="*",G27="*",H27="*",I27="*")),1,IF(AND(I27="*",OR(E28="*",F28="*",G28="*",H28="*")),1,"")) | N27: =IF(AND(F27="*",OR(F28="*",G28="*",H28="*")),1,IF(AND(G27="*",OR(F28="*",G28="*",H28="*")),1,IF(AND(H27="*",OR(F28="*",G28="*",H28="*")),1,""))) | O27: =IF(AND(E27="*",E28="*"),1,"") | V27: =IF(AND(Q27="*",OR(R28="*",S28="*",T28="*")), 1,"") | W27: =IF(AND(Q27="*",U28="*"),1,"") | X27: =IF(AND(U28="*", OR(R27="*", S27="*",T27="*")),1,"") | Y27: =IF(AND(Q28="*",OR(R27="*",S27="*",T27="*",U27="*")),1,IF(AND(U27="*",OR(Q28="*",R28="*",S28="*",T28="*")),1,"")) | Z27: =IF(AND(R27="*",OR(R28="*",S28="*",T28="*")),1,IF(AND(S27="*",OR(R28="*",S28="*",T28="*")),1,IF(AND(T27="*",OR(R28="*",S28="*",T28="*")),1,""))) | AA27: =IF(AND(Q27="*",Q28="*"),1,"") | AH27: =IF(AND(AC27="*",OR(AD28="*",AE28="*",AF28="*")), 1,"") | AI27: =IF(AND(AC27="*",AG28="*"),1,"") | AJ27: =IF(AND(AG28="*", OR(AD27="*", AE27="*",AF27="*")),1,"") | AK27: =IF(AND(AC28="*",OR(AD27="*",AE27="*",AF27="*",AG27="*")),1,IF(AND(AG27="*",OR(AC28="*",AD28="*",AE28="*",AF28="*")),1,"")) | AL27: =IF(AND(AD27="*",OR(AD28="*",AE28="*",AF28="*")),1,IF(AND(AE27="*",OR(AD28="*",AE28="*",AF28="*")),1,IF(AND(AF27="*",OR(AD28="*",AE28="*",AF28="*")),1,""))) | AM27: =IF(AND(AC27="*",AC28="*"),1,"") | AT27: =IF(AND(AO27="*",OR(AP28="*",AQ28="*",AR28="*")), 1,"") | AU27: =IF(AND(AO27="*",AS28="*"),1,"") | AV27: =IF(AND(AS28="*", OR(AP27="*", AQ27="*",AR27="*")),1,"") | AW27: =IF(AND(AO28="*",OR(AP27="*",AQ27="*",AR27="*",AS27="*")),1,IF(AND(AS27="*",OR(AO28="*",AP28="*",AQ28="*",AR28="*")),1,"")) | AX27: =IF(AND(AP27="*",OR(AP28="*",AQ28="*",AR28="*")),1,IF(AND(AQ27="*",OR(AP28="*",AQ28="*",AR28="*")),1,IF(AND(AR27="*",OR(AP28="*",AQ28="*",AR28="*")),1,""))) | AY27: =IF(AND(AO27="*",AO28="*"),1,"") | BF27: =IF(AND(BA27="*",OR(BB28="*",BC28="*",BD28="*")), 1,"") | BG27: =IF(AND(BA27="*",BE28="*"),1,"") | BH27: =IF(AND(BE28="*", OR(BB27="*", BC27="*",BD27="*")),1,"") | BI27: =IF(AND(BA28="*",OR(BB27="*",BC27="*",BD27="*",BE27="*")),1,IF(AND(BE27="*",OR(BA28="*",BB28="*",BC28="*",BD28="*")),1,"")) | BJ27: =IF(AND(BB27="*",OR(BB28="*",BC28="*",BD28="*")),1,IF(AND(BC27="*",OR(BB28="*",BC28="*",BD28="*")),1,IF(AND(BD27="*",OR(BB28="*",BC28="*",BD28="*")),1,""))) | BK27: =IF(AND(BA27="*",BA28="*"),1,"") | BS27: =IF(AND(BM27="*",OR(BN28="*",BO28="*",BP28="*")), 1,"") | BT27: =IF(AND(BM27="*",BQ28="*"),1,"") | BU27: =IF(AND(BQ28="*", OR(BN27="*", BO27="*",BP27="*")),1,"") | BV27: =IF(AND(BM28="*",OR(BN27="*",BO27="*",BP27="*",BQ27="*")),1,IF(AND(BQ27="*",OR(BM28="*",BN28="*",BO28="*",BP28="*")),1,"")) | BW27: =IF(AND(BN27="*",OR(BN28="*",BO28="*",BP28="*")),1,IF(AND(BO27="*",OR(BN28="*",BO28="*",BP28="*")),1,IF(AND(BP27="*",OR(BN28="*",BO28="*",BP28="*")),1,""))) | BX27: =IF(AND(BM27="*",BM28="*"),1,"") | CE27: =IF(AND(BZ27="*",OR(CA28="*",CB28="*",CC28="*")), 1,"") | CF27: =IF(AND(BZ27="*",CD28="*"),1,"") | CG27: =IF(AND(CD28="*", OR(CA27="*", CB27="*",CC27="*")),1,"") | CH27: =IF(AND(BZ28="*",OR(CA27="*",CB27="*",CC27="*",CD27="*")),1,IF(AND(CD27="*",OR(BZ28="*",CA28="*",CB28="*",CC28="*")),1,"")) | CI27: =IF(AND(CA27="*",OR(CA28="*",CB28="*",CC28="*")),1,IF(AND(CB27="*",OR(CA28="*",CB28="*",CC28="*")),1,IF(AND(CC27="*",OR(CA28="*",CB28="*",CC28="*")),1,""))) | CJ27: =IF(AND(BZ27="*",BZ28="*"),1,"") | CQ27: =IF(AND(CL27="*",OR(CM28="*",CN28="*",CO28="*")), 1,"") | CR27: =IF(AND(CL27="*",CP28="*"),1,"") | CS27: =IF(AND(CP28="*", OR(CM27="*", CN27="*",CO27="*")),1,"") | CT27: =IF(AND(CL28="*",OR(CM27="*",CN27="*",CO27="*",CP27="*")),1,IF(AND(CP27="*",OR(CL28="*",CM28="*",CN28="*",CO28="*")),1,"")) | CU27: =IF(AND(CM27="*",OR(CM28="*",CN28="*",CO28="*")),1,IF(AND(CN27="*",OR(CM28="*",CN28="*",CO28="*")),1,IF(AND(CO27="*",OR(CM28="*",CN28="*",CO28="*")),1,""))) | CV27: =IF(AND(CL27="*",CL28="*"),1,"") | DC27: =IF(AND(CX27="*",OR(CY28="*",CZ28="*",DA28="*")), 1,"") | DD27: =IF(AND(CX27="*",DB28="*"),1,"") | DE27: =IF(AND(DB28="*", OR(CY27="*", CZ27="*",DA27="*")),1,"") | DF27: =IF(AND(CX28="*",OR(CY27="*",CZ27="*",DA27="*",DB27="*")),1,IF(AND(DB27="*",OR(CX28="*",CY28="*",CZ28="*",DA28="*")),1,"")) | DG27: =IF(AND(CY27="*",OR(CY28="*",CZ28="*",DA28="*")),1,IF(AND(CZ27="*",OR(CY28="*",CZ28="*",DA28="*")),1,IF(AND(DA27="*",OR(CY28="*",CZ28="*",DA28="*")),1,""))) | DH27: =IF(AND(CX27="*",CX28="*"),1,"") | DO27: =IF(AND(DJ27="*",OR(DK28="*",DL28="*",DM28="*")), 1,"") | DP27: =IF(AND(DJ27="*",DN28="*"),1,"") | DQ27: =IF(AND(DN28="*", OR(DK27="*", DL27="*",DM27="*")),1,"") | DR27: =IF(AND(DJ28="*",OR(DK27="*",DL27="*",DM27="*",DN27="*")),1,IF(AND(DN27="*",OR(DJ28="*",DK28="*",DL28="*",DM28="*")),1,"")) | DS27: =IF(AND(DK27="*",OR(DK28="*",DL28="*",DM28="*")),1,IF(AND(DL27="*",OR(DK28="*",DL28="*",DM28="*")),1,IF(AND(DM27="*",OR(DK28="*",DL28="*",DM28="*")),1,""))) | DT27: =IF(AND(DJ27="*",DJ28="*"),1,"") | EA27: =IF(AND(DV27="*",OR(DW28="*",DX28="*",DY28="*")), 1,"") | EB27: =IF(AND(DV27="*",DZ28="*"),1,"") | EC27: =IF(AND(DZ28="*", OR(DW27="*", DX27="*",DY27="*")),1,"") | ED27: =IF(AND(DV28="*",OR(DW27="*",DX27="*",DY27="*",DZ27="*")),1,IF(AND(DZ27="*",OR(DV28="*",DW28="*",DX28="*",DY28="*")),1,"")) | EE27: =IF(AND(DW27="*",OR(DW28="*",DX28="*",DY28="*")),1,IF(AND(DX27="*",OR(DW28="*",DX28="*",DY28="*")),1,IF(AND(DY27="*",OR(DW28="*",DX28="*",DY28="*")),1,""))) | EF27: =IF(AND(DV27="*",DV28="*"),1,"") | EM27: =IF(AND(EH27="*",OR(EI28="*",EJ28="*",EK28="*")), 1,"") | EN27: =IF(AND(EH27="*",EL28="*"),1,"") | EO27: =IF(AND(EL28="*", OR(EI27="*", EJ27="*",EK27="*")),1,"") | EP27: =IF(AND(EH28="*",OR(EI27="*",EJ27="*",EK27="*",EL27="*")),1,IF(AND(EL27="*",OR(EH28="*",EI28="*",EJ28="*",EK28="*")),1,"")) | EQ27: =IF(AND(EI27="*",OR(EI28="*",EJ28="*",EK28="*")),1,IF(AND(EJ27="*",OR(EI28="*",EJ28="*",EK28="*")),1,IF(AND(EK27="*",OR(EI28="*",EJ28="*",EK28="*")),1,""))) | ER27: =IF(AND(EH27="*",EH28="*"),1,"") | EY27: =IF(AND(ET27="*",OR(EU28="*",EV28="*",EW28="*")), 1,"") | EZ27: =IF(AND(ET27="*",EX28="*"),1,"") | FA27: =IF(AND(EX28="*", OR(EU27="*", EV27="*",EW27="*")),1,"") | FB27: =IF(AND(ET28="*",OR(EU27="*",EV27="*",EW27="*",EX27="*")),1,IF(AND(EX27="*",OR(ET28="*",EU28="*",EV28="*",EW28="*")),1,"")) | FC27: =IF(AND(EU27="*",OR(EU28="*",EV28="*",EW28="*")),1,IF(AND(EV27="*",OR(EU28="*",EV28="*",EW28="*")),1,IF(AND(EW27="*",OR(EU28="*",EV28="*",EW28="*")),1,""))) | FD27: =IF(AND(ET27="*",ET28="*"),1,"") | FK27: =IF(AND(FF27="*",OR(FG28="*",FH28="*",FI28="*")), 1,"") | FL27: =IF(AND(FF27="*",FJ28="*"),1,"") | FM27: =IF(AND(FJ28="*", OR(FG27="*", FH27="*",FI27="*")),1,"") | FN27: =IF(AND(FF28="*",OR(FG27="*",FH27="*",FI27="*",FJ27="*")),1,IF(AND(FJ27="*",OR(FF28="*",FG28="*",FH28="*",FI28="*")),1,"")) | FO27: =IF(AND(FG27="*",OR(FG28="*",FH28="*",FI28="*")),1,IF(AND(FH27="*",OR(FG28="*",FH28="*",FI28="*")),1,IF(AND(FI27="*",OR(FG28="*",FH28="*",FI28="*")),1,""))) | FP27: =IF(AND(FF27="*",FF28="*"),1,"") | FW27: =IF(AND(FR27="*",OR(FS28="*",FT28="*",FU28="*")), 1,"") | FX27: =IF(AND(FR27="*",FV28="*"),1,"") | FY27: =IF(AND(FV28="*", OR(FS27="*", FT27="*",FU27="*")),1,"") | FZ27: =IF(AND(FR28="*",OR(FS27="*",FT27="*",FU27="*",FV27="*")),1,IF(AND(FV27="*",OR(FR28="*",FS28="*",FT28="*",FU28="*")),1,"")) | GA27: =IF(AND(FS27="*",OR(FS28="*",FT28="*",FU28="*")),1,IF(AND(FT27="*",OR(FS28="*",FT28="*",FU28="*")),1,IF(AND(FU27="*",OR(FS28="*",FT28="*",FU28="*")),1,""))) | GB27: =IF(AND(FR27="*",FR28="*"),1,"") | GJ27: =IF(AND(GD27="*",OR(GE28="*",GF28="*",GG28="*")), 1,"") | GK27: =IF(AND(GD27="*",GH28="*"),1,"") | GL27: =IF(AND(GH28="*", OR(GE27="*", GF27="*",GG27="*")),1,"") | GM27: =IF(AND(GD28="*",OR(GE27="*",GF27="*",GG27="*",GH27="*")),1,IF(AND(GH27="*",OR(GD28="*",GE28="*",GF28="*",GG28="*")),1,"")) | GN27: =IF(AND(GE27="*",OR(GE28="*",GF28="*",GG28="*")),1,IF(AND(GF27="*",OR(GE28="*",GF28="*",GG28="*")),1,IF(AND(GG27="*",OR(GE28="*",GF28="*",GG28="*")),1,""))) | GO27: =IF(AND(GD27="*",GD28="*"),1,"") | GV27: =IF(AND(GQ27="*",OR(GR28="*",GS28="*",GT28="*")), 1,"") | GW27: =IF(AND(GQ27="*",GU28="*"),1,"") | GX27: =IF(AND(GU28="*", OR(GR27="*", GS27="*",GT27="*")),1,"") | GY27: =IF(AND(GQ28="*",OR(GR27="*",GS27="*",GT27="*",GU27="*")),1,IF(AND(GU27="*",OR(GQ28="*",GR28="*",GS28="*",GT28="*")),1,"")) | GZ27: =IF(AND(GR27="*",OR(GR28="*",GS28="*",GT28="*")),1,IF(AND(GS27="*",OR(GR28="*",GS28="*",GT28="*")),1,IF(AND(GT27="*",OR(GR28="*",GS28="*",GT28="*")),1,""))) | HA27: =IF(AND(GQ27="*",GQ28="*"),1,"") | HH27: =IF(AND(HC27="*",OR(HD28="*",HE28="*",HF28="*")), 1,"") | HI27: =IF(AND(HC27="*",HG28="*"),1,"") | HJ27: =IF(AND(HG28="*", OR(HD27="*", HE27="*",HF27="*")),1,"") | HK27: =IF(AND(HC28="*",OR(HD27="*",HE27="*",HF27="*",HG27="*")),1,IF(AND(HG27="*",OR(HC28="*",HD28="*",HE28="*",HF28="*")),1,"")) | HL27: =IF(AND(HD27="*",OR(HD28="*",HE28="*",HF28="*")),1,IF(AND(HE27="*",OR(HD28="*",HE28="*",HF28="*")),1,IF(AND(HF27="*",OR(HD28="*",HE28="*",HF28="*")),1,""))) | HM27: =IF(AND(HC27="*",HC28="*"),1,"") | HT27: =IF(AND(HO27="*",OR(HP28="*",HQ28="*",HR28="*")), 1,"") | HU27: =IF(AND(HO27="*",HS28="*"),1,"") | HV27: =IF(AND(HS28="*", OR(HP27="*", HQ27="*",HR27="*")),1,"") | HW27: =IF(AND(HO28="*",OR(HP27="*",HQ27="*",HR27="*",HS27="*")),1,IF(AND(HS27="*",OR(HO28="*",HP28="*",HQ28="*",HR28="*")),1,"")) | HX27: =IF(AND(HP27="*",OR(HP28="*",HQ28="*",HR28="*")),1,IF(AND(HQ27="*",OR(HP28="*",HQ28="*",HR28="*")),1,IF(AND(HR27="*",OR(HP28="*",HQ28="*",HR28="*")),1,""))) | HY27: =IF(AND(HO27="*",HO28="*"),1,"") | IF27: =IF(AND(IA27="*",OR(IB28="*",IC28="*",ID28="*")), 1,"") | IG27: =IF(AND(IA27="*",IE28="*"),1,"") | IH27: =IF(AND(IE28="*", OR(IB27="*", IC27="*",ID27="*")),1,"") | II27: =IF(AND(IA28="*",OR(IB27="*",IC27="*",ID27="*",IE27="*")),1,IF(AND(IE27="*",OR(IA28="*",IB28="*",IC28="*",ID28="*")),1,"")) | IJ27: =IF(AND(IB27="*",OR(IB28="*",IC28="*",ID28="*")),1,IF(AND(IC27="*",OR(IB28="*",IC28="*",ID28="*")),1,IF(AND(ID27="*",OR(IB28="*",IC28="*",ID28="*")),1,""))) | IK27: =IF(AND(IA27="*",IA28="*"),1,"") | IL27: =COUNT(J27,V27,AH27,AT27,BF27,BS27,CE27,CQ27,DC27,DO27,EA27,EM27,EY27,FK27,FW27,GJ27,GV27,HH27,HT27,IF27) -> 0 | IM27: =COUNT(K27,W27,AI27,AU27,BG27,BT27,CF27,CR27,DD27,DP27,EB27,EN27,EZ27,FL27,FX27,GK27,GW27,HI27,HU27,IG27) -> 0 | IN27: =COUNT(L27,X27,AJ27,AV27,BH27,BU27,CG27,CS27,DE27,DQ27,EC27,EO27,FA27,FM27,FY27,GL27,GX27,HJ27,HV27,IH27) -> 0 | IO27: =COUNT(M27,Y27,AK27,AW27,BI27,BV27,CH27,CT27,DF27,DR27,ED27,EP27,FB27,FN27,FZ27,GM27,GY27,HK27,HW27,II27) -> 0 | IP27: =COUNT(N27,Z27,AL27,AX27,BJ27,BW27,CI27,CU27,DG27,DS27,EE27,EQ27,FC27,FO27,GA27,GN27,GZ27,HL27,HX27,IJ27) -> 0 | IQ27: =COUNT(O27,AA27,AM27,AY27,BK27,BX27,CJ27,CV27,DH27,DT27,EF27,ER27,FD27,FP27,GB27,GO27,HA27,HM27,HY27,IK27) -> 0
D28: 부정적 질문
B29: 14 | C29: =고객요구사항도출표!C18 -> 0 | D29: 긍정적 질문 | J29: =IF(AND(E29="*",OR(F30="*",G30="*",H30="*")), 1,"") | K29: =IF(AND(E29="*",I30="*"),1,"") | L29: =IF(AND(I30="*", OR(F29="*", G29="*",H29="*")),1,"") | M29: =IF(AND(E30="*",OR(F29="*",G29="*",H29="*",I29="*")),1,IF(AND(I29="*",OR(E30="*",F30="*",G30="*",H30="*")),1,"")) | N29: =IF(AND(F29="*",OR(F30="*",G30="*",H30="*")),1,IF(AND(G29="*",OR(F30="*",G30="*",H30="*")),1,IF(AND(H29="*",OR(F30="*",G30="*",H30="*")),1,""))) | O29: =IF(AND(E29="*",E30="*"),1,"") | V29: =IF(AND(Q29="*",OR(R30="*",S30="*",T30="*")), 1,"") | W29: =IF(AND(Q29="*",U30="*"),1,"") | X29: =IF(AND(U30="*", OR(R29="*", S29="*",T29="*")),1,"") | Y29: =IF(AND(Q30="*",OR(R29="*",S29="*",T29="*",U29="*")),1,IF(AND(U29="*",OR(Q30="*",R30="*",S30="*",T30="*")),1,"")) | Z29: =IF(AND(R29="*",OR(R30="*",S30="*",T30="*")),1,IF(AND(S29="*",OR(R30="*",S30="*",T30="*")),1,IF(AND(T29="*",OR(R30="*",S30="*",T30="*")),1,""))) | AA29: =IF(AND(Q29="*",Q30="*"),1,"") | AH29: =IF(AND(AC29="*",OR(AD30="*",AE30="*",AF30="*")), 1,"") | AI29: =IF(AND(AC29="*",AG30="*"),1,"") | AJ29: =IF(AND(AG30="*", OR(AD29="*", AE29="*",AF29="*")),1,"") | AK29: =IF(AND(AC30="*",OR(AD29="*",AE29="*",AF29="*",AG29="*")),1,IF(AND(AG29="*",OR(AC30="*",AD30="*",AE30="*",AF30="*")),1,"")) | AL29: =IF(AND(AD29="*",OR(AD30="*",AE30="*",AF30="*")),1,IF(AND(AE29="*",OR(AD30="*",AE30="*",AF30="*")),1,IF(AND(AF29="*",OR(AD30="*",AE30="*",AF30="*")),1,""))) | AM29: =IF(AND(AC29="*",AC30="*"),1,"") | AT29: =IF(AND(AO29="*",OR(AP30="*",AQ30="*",AR30="*")), 1,"") | AU29: =IF(AND(AO29="*",AS30="*"),1,"") | AV29: =IF(AND(AS30="*", OR(AP29="*", AQ29="*",AR29="*")),1,"") | AW29: =IF(AND(AO30="*",OR(AP29="*",AQ29="*",AR29="*",AS29="*")),1,IF(AND(AS29="*",OR(AO30="*",AP30="*",AQ30="*",AR30="*")),1,"")) | AX29: =IF(AND(AP29="*",OR(AP30="*",AQ30="*",AR30="*")),1,IF(AND(AQ29="*",OR(AP30="*",AQ30="*",AR30="*")),1,IF(AND(AR29="*",OR(AP30="*",AQ30="*",AR30="*")),1,""))) | AY29: =IF(AND(AO29="*",AO30="*"),1,"") | BF29: =IF(AND(BA29="*",OR(BB30="*",BC30="*",BD30="*")), 1,"") | BG29: =IF(AND(BA29="*",BE30="*"),1,"") | BH29: =IF(AND(BE30="*", OR(BB29="*", BC29="*",BD29="*")),1,"") | BI29: =IF(AND(BA30="*",OR(BB29="*",BC29="*",BD29="*",BE29="*")),1,IF(AND(BE29="*",OR(BA30="*",BB30="*",BC30="*",BD30="*")),1,"")) | BJ29: =IF(AND(BB29="*",OR(BB30="*",BC30="*",BD30="*")),1,IF(AND(BC29="*",OR(BB30="*",BC30="*",BD30="*")),1,IF(AND(BD29="*",OR(BB30="*",BC30="*",BD30="*")),1,""))) | BK29: =IF(AND(BA29="*",BA30="*"),1,"") | BS29: =IF(AND(BM29="*",OR(BN30="*",BO30="*",BP30="*")), 1,"") | BT29: =IF(AND(BM29="*",BQ30="*"),1,"") | BU29: =IF(AND(BQ30="*", OR(BN29="*", BO29="*",BP29="*")),1,"") | BV29: =IF(AND(BM30="*",OR(BN29="*",BO29="*",BP29="*",BQ29="*")),1,IF(AND(BQ29="*",OR(BM30="*",BN30="*",BO30="*",BP30="*")),1,"")) | BW29: =IF(AND(BN29="*",OR(BN30="*",BO30="*",BP30="*")),1,IF(AND(BO29="*",OR(BN30="*",BO30="*",BP30="*")),1,IF(AND(BP29="*",OR(BN30="*",BO30="*",BP30="*")),1,""))) | BX29: =IF(AND(BM29="*",BM30="*"),1,"") | CE29: =IF(AND(BZ29="*",OR(CA30="*",CB30="*",CC30="*")), 1,"") | CF29: =IF(AND(BZ29="*",CD30="*"),1,"") | CG29: =IF(AND(CD30="*", OR(CA29="*", CB29="*",CC29="*")),1,"") | CH29: =IF(AND(BZ30="*",OR(CA29="*",CB29="*",CC29="*",CD29="*")),1,IF(AND(CD29="*",OR(BZ30="*",CA30="*",CB30="*",CC30="*")),1,"")) | CI29: =IF(AND(CA29="*",OR(CA30="*",CB30="*",CC30="*")),1,IF(AND(CB29="*",OR(CA30="*",CB30="*",CC30="*")),1,IF(AND(CC29="*",OR(CA30="*",CB30="*",CC30="*")),1,""))) | CJ29: =IF(AND(BZ29="*",BZ30="*"),1,"") | CQ29: =IF(AND(CL29="*",OR(CM30="*",CN30="*",CO30="*")), 1,"") | CR29: =IF(AND(CL29="*",CP30="*"),1,"") | CS29: =IF(AND(CP30="*", OR(CM29="*", CN29="*",CO29="*")),1,"") | CT29: =IF(AND(CL30="*",OR(CM29="*",CN29="*",CO29="*",CP29="*")),1,IF(AND(CP29="*",OR(CL30="*",CM30="*",CN30="*",CO30="*")),1,"")) | CU29: =IF(AND(CM29="*",OR(CM30="*",CN30="*",CO30="*")),1,IF(AND(CN29="*",OR(CM30="*",CN30="*",CO30="*")),1,IF(AND(CO29="*",OR(CM30="*",CN30="*",CO30="*")),1,""))) | CV29: =IF(AND(CL29="*",CL30="*"),1,"") | DC29: =IF(AND(CX29="*",OR(CY30="*",CZ30="*",DA30="*")), 1,"") | DD29: =IF(AND(CX29="*",DB30="*"),1,"") | DE29: =IF(AND(DB30="*", OR(CY29="*", CZ29="*",DA29="*")),1,"") | DF29: =IF(AND(CX30="*",OR(CY29="*",CZ29="*",DA29="*",DB29="*")),1,IF(AND(DB29="*",OR(CX30="*",CY30="*",CZ30="*",DA30="*")),1,"")) | DG29: =IF(AND(CY29="*",OR(CY30="*",CZ30="*",DA30="*")),1,IF(AND(CZ29="*",OR(CY30="*",CZ30="*",DA30="*")),1,IF(AND(DA29="*",OR(CY30="*",CZ30="*",DA30="*")),1,""))) | DH29: =IF(AND(CX29="*",CX30="*"),1,"") | DO29: =IF(AND(DJ29="*",OR(DK30="*",DL30="*",DM30="*")), 1,"") | DP29: =IF(AND(DJ29="*",DN30="*"),1,"") | DQ29: =IF(AND(DN30="*", OR(DK29="*", DL29="*",DM29="*")),1,"") | DR29: =IF(AND(DJ30="*",OR(DK29="*",DL29="*",DM29="*",DN29="*")),1,IF(AND(DN29="*",OR(DJ30="*",DK30="*",DL30="*",DM30="*")),1,"")) | DS29: =IF(AND(DK29="*",OR(DK30="*",DL30="*",DM30="*")),1,IF(AND(DL29="*",OR(DK30="*",DL30="*",DM30="*")),1,IF(AND(DM29="*",OR(DK30="*",DL30="*",DM30="*")),1,""))) | DT29: =IF(AND(DJ29="*",DJ30="*"),1,"") | EA29: =IF(AND(DV29="*",OR(DW30="*",DX30="*",DY30="*")), 1,"") | EB29: =IF(AND(DV29="*",DZ30="*"),1,"") | EC29: =IF(AND(DZ30="*", OR(DW29="*", DX29="*",DY29="*")),1,"") | ED29: =IF(AND(DV30="*",OR(DW29="*",DX29="*",DY29="*",DZ29="*")),1,IF(AND(DZ29="*",OR(DV30="*",DW30="*",DX30="*",DY30="*")),1,"")) | EE29: =IF(AND(DW29="*",OR(DW30="*",DX30="*",DY30="*")),1,IF(AND(DX29="*",OR(DW30="*",DX30="*",DY30="*")),1,IF(AND(DY29="*",OR(DW30="*",DX30="*",DY30="*")),1,""))) | EF29: =IF(AND(DV29="*",DV30="*"),1,"") | EM29: =IF(AND(EH29="*",OR(EI30="*",EJ30="*",EK30="*")), 1,"") | EN29: =IF(AND(EH29="*",EL30="*"),1,"") | EO29: =IF(AND(EL30="*", OR(EI29="*", EJ29="*",EK29="*")),1,"") | EP29: =IF(AND(EH30="*",OR(EI29="*",EJ29="*",EK29="*",EL29="*")),1,IF(AND(EL29="*",OR(EH30="*",EI30="*",EJ30="*",EK30="*")),1,"")) | EQ29: =IF(AND(EI29="*",OR(EI30="*",EJ30="*",EK30="*")),1,IF(AND(EJ29="*",OR(EI30="*",EJ30="*",EK30="*")),1,IF(AND(EK29="*",OR(EI30="*",EJ30="*",EK30="*")),1,""))) | ER29: =IF(AND(EH29="*",EH30="*"),1,"") | EY29: =IF(AND(ET29="*",OR(EU30="*",EV30="*",EW30="*")), 1,"") | EZ29: =IF(AND(ET29="*",EX30="*"),1,"") | FA29: =IF(AND(EX30="*", OR(EU29="*", EV29="*",EW29="*")),1,"") | FB29: =IF(AND(ET30="*",OR(EU29="*",EV29="*",EW29="*",EX29="*")),1,IF(AND(EX29="*",OR(ET30="*",EU30="*",EV30="*",EW30="*")),1,"")) | FC29: =IF(AND(EU29="*",OR(EU30="*",EV30="*",EW30="*")),1,IF(AND(EV29="*",OR(EU30="*",EV30="*",EW30="*")),1,IF(AND(EW29="*",OR(EU30="*",EV30="*",EW30="*")),1,""))) | FD29: =IF(AND(ET29="*",ET30="*"),1,"") | FK29: =IF(AND(FF29="*",OR(FG30="*",FH30="*",FI30="*")), 1,"") | FL29: =IF(AND(FF29="*",FJ30="*"),1,"") | FM29: =IF(AND(FJ30="*", OR(FG29="*", FH29="*",FI29="*")),1,"") | FN29: =IF(AND(FF30="*",OR(FG29="*",FH29="*",FI29="*",FJ29="*")),1,IF(AND(FJ29="*",OR(FF30="*",FG30="*",FH30="*",FI30="*")),1,"")) | FO29: =IF(AND(FG29="*",OR(FG30="*",FH30="*",FI30="*")),1,IF(AND(FH29="*",OR(FG30="*",FH30="*",FI30="*")),1,IF(AND(FI29="*",OR(FG30="*",FH30="*",FI30="*")),1,""))) | FP29: =IF(AND(FF29="*",FF30="*"),1,"") | FW29: =IF(AND(FR29="*",OR(FS30="*",FT30="*",FU30="*")), 1,"") | FX29: =IF(AND(FR29="*",FV30="*"),1,"") | FY29: =IF(AND(FV30="*", OR(FS29="*", FT29="*",FU29="*")),1,"") | FZ29: =IF(AND(FR30="*",OR(FS29="*",FT29="*",FU29="*",FV29="*")),1,IF(AND(FV29="*",OR(FR30="*",FS30="*",FT30="*",FU30="*")),1,"")) | GA29: =IF(AND(FS29="*",OR(FS30="*",FT30="*",FU30="*")),1,IF(AND(FT29="*",OR(FS30="*",FT30="*",FU30="*")),1,IF(AND(FU29="*",OR(FS30="*",FT30="*",FU30="*")),1,""))) | GB29: =IF(AND(FR29="*",FR30="*"),1,"") | GJ29: =IF(AND(GD29="*",OR(GE30="*",GF30="*",GG30="*")), 1,"") | GK29: =IF(AND(GD29="*",GH30="*"),1,"") | GL29: =IF(AND(GH30="*", OR(GE29="*", GF29="*",GG29="*")),1,"") | GM29: =IF(AND(GD30="*",OR(GE29="*",GF29="*",GG29="*",GH29="*")),1,IF(AND(GH29="*",OR(GD30="*",GE30="*",GF30="*",GG30="*")),1,"")) | GN29: =IF(AND(GE29="*",OR(GE30="*",GF30="*",GG30="*")),1,IF(AND(GF29="*",OR(GE30="*",GF30="*",GG30="*")),1,IF(AND(GG29="*",OR(GE30="*",GF30="*",GG30="*")),1,""))) | GO29: =IF(AND(GD29="*",GD30="*"),1,"") | GV29: =IF(AND(GQ29="*",OR(GR30="*",GS30="*",GT30="*")), 1,"") | GW29: =IF(AND(GQ29="*",GU30="*"),1,"") | GX29: =IF(AND(GU30="*", OR(GR29="*", GS29="*",GT29="*")),1,"") | GY29: =IF(AND(GQ30="*",OR(GR29="*",GS29="*",GT29="*",GU29="*")),1,IF(AND(GU29="*",OR(GQ30="*",GR30="*",GS30="*",GT30="*")),1,"")) | GZ29: =IF(AND(GR29="*",OR(GR30="*",GS30="*",GT30="*")),1,IF(AND(GS29="*",OR(GR30="*",GS30="*",GT30="*")),1,IF(AND(GT29="*",OR(GR30="*",GS30="*",GT30="*")),1,""))) | HA29: =IF(AND(GQ29="*",GQ30="*"),1,"") | HH29: =IF(AND(HC29="*",OR(HD30="*",HE30="*",HF30="*")), 1,"") | HI29: =IF(AND(HC29="*",HG30="*"),1,"") | HJ29: =IF(AND(HG30="*", OR(HD29="*", HE29="*",HF29="*")),1,"") | HK29: =IF(AND(HC30="*",OR(HD29="*",HE29="*",HF29="*",HG29="*")),1,IF(AND(HG29="*",OR(HC30="*",HD30="*",HE30="*",HF30="*")),1,"")) | HL29: =IF(AND(HD29="*",OR(HD30="*",HE30="*",HF30="*")),1,IF(AND(HE29="*",OR(HD30="*",HE30="*",HF30="*")),1,IF(AND(HF29="*",OR(HD30="*",HE30="*",HF30="*")),1,""))) | HM29: =IF(AND(HC29="*",HC30="*"),1,"") | HT29: =IF(AND(HO29="*",OR(HP30="*",HQ30="*",HR30="*")), 1,"") | HU29: =IF(AND(HO29="*",HS30="*"),1,"") | HV29: =IF(AND(HS30="*", OR(HP29="*", HQ29="*",HR29="*")),1,"") | HW29: =IF(AND(HO30="*",OR(HP29="*",HQ29="*",HR29="*",HS29="*")),1,IF(AND(HS29="*",OR(HO30="*",HP30="*",HQ30="*",HR30="*")),1,"")) | HX29: =IF(AND(HP29="*",OR(HP30="*",HQ30="*",HR30="*")),1,IF(AND(HQ29="*",OR(HP30="*",HQ30="*",HR30="*")),1,IF(AND(HR29="*",OR(HP30="*",HQ30="*",HR30="*")),1,""))) | HY29: =IF(AND(HO29="*",HO30="*"),1,"") | IF29: =IF(AND(IA29="*",OR(IB30="*",IC30="*",ID30="*")), 1,"") | IG29: =IF(AND(IA29="*",IE30="*"),1,"") | IH29: =IF(AND(IE30="*", OR(IB29="*", IC29="*",ID29="*")),1,"") | II29: =IF(AND(IA30="*",OR(IB29="*",IC29="*",ID29="*",IE29="*")),1,IF(AND(IE29="*",OR(IA30="*",IB30="*",IC30="*",ID30="*")),1,"")) | IJ29: =IF(AND(IB29="*",OR(IB30="*",IC30="*",ID30="*")),1,IF(AND(IC29="*",OR(IB30="*",IC30="*",ID30="*")),1,IF(AND(ID29="*",OR(IB30="*",IC30="*",ID30="*")),1,""))) | IK29: =IF(AND(IA29="*",IA30="*"),1,"") | IL29: =COUNT(J29,V29,AH29,AT29,BF29,BS29,CE29,CQ29,DC29,DO29,EA29,EM29,EY29,FK29,FW29,GJ29,GV29,HH29,HT29,IF29) -> 0 | IM29: =COUNT(K29,W29,AI29,AU29,BG29,BT29,CF29,CR29,DD29,DP29,EB29,EN29,EZ29,FL29,FX29,GK29,GW29,HI29,HU29,IG29) -> 0 | IN29: =COUNT(L29,X29,AJ29,AV29,BH29,BU29,CG29,CS29,DE29,DQ29,EC29,EO29,FA29,FM29,FY29,GL29,GX29,HJ29,HV29,IH29) -> 0 | IO29: =COUNT(M29,Y29,AK29,AW29,BI29,BV29,CH29,CT29,DF29,DR29,ED29,EP29,FB29,FN29,FZ29,GM29,GY29,HK29,HW29,II29) -> 0 | IP29: =COUNT(N29,Z29,AL29,AX29,BJ29,BW29,CI29,CU29,DG29,DS29,EE29,EQ29,FC29,FO29,GA29,GN29,GZ29,HL29,HX29,IJ29) -> 0 | IQ29: =COUNT(O29,AA29,AM29,AY29,BK29,BX29,CJ29,CV29,DH29,DT29,EF29,ER29,FD29,FP29,GB29,GO29,HA29,HM29,HY29,IK29) -> 0
D30: 부정적 질문
B31: 15 | C31: =고객요구사항도출표!C19 -> 0 | D31: 긍정적 질문 | J31: =IF(AND(E31="*",OR(F32="*",G32="*",H32="*")), 1,"") | K31: =IF(AND(E31="*",I32="*"),1,"") | L31: =IF(AND(I32="*", OR(F31="*", G31="*",H31="*")),1,"") | M31: =IF(AND(E32="*",OR(F31="*",G31="*",H31="*",I31="*")),1,IF(AND(I31="*",OR(E32="*",F32="*",G32="*",H32="*")),1,"")) | N31: =IF(AND(F31="*",OR(F32="*",G32="*",H32="*")),1,IF(AND(G31="*",OR(F32="*",G32="*",H32="*")),1,IF(AND(H31="*",OR(F32="*",G32="*",H32="*")),1,""))) | O31: =IF(AND(E31="*",E32="*"),1,"") | V31: =IF(AND(Q31="*",OR(R32="*",S32="*",T32="*")), 1,"") | W31: =IF(AND(Q31="*",U32="*"),1,"") | X31: =IF(AND(U32="*", OR(R31="*", S31="*",T31="*")),1,"") | Y31: =IF(AND(Q32="*",OR(R31="*",S31="*",T31="*",U31="*")),1,IF(AND(U31="*",OR(Q32="*",R32="*",S32="*",T32="*")),1,"")) | Z31: =IF(AND(R31="*",OR(R32="*",S32="*",T32="*")),1,IF(AND(S31="*",OR(R32="*",S32="*",T32="*")),1,IF(AND(T31="*",OR(R32="*",S32="*",T32="*")),1,""))) | AA31: =IF(AND(Q31="*",Q32="*"),1,"") | AH31: =IF(AND(AC31="*",OR(AD32="*",AE32="*",AF32="*")), 1,"") | AI31: =IF(AND(AC31="*",AG32="*"),1,"") | AJ31: =IF(AND(AG32="*", OR(AD31="*", AE31="*",AF31="*")),1,"") | AK31: =IF(AND(AC32="*",OR(AD31="*",AE31="*",AF31="*",AG31="*")),1,IF(AND(AG31="*",OR(AC32="*",AD32="*",AE32="*",AF32="*")),1,"")) | AL31: =IF(AND(AD31="*",OR(AD32="*",AE32="*",AF32="*")),1,IF(AND(AE31="*",OR(AD32="*",AE32="*",AF32="*")),1,IF(AND(AF31="*",OR(AD32="*",AE32="*",AF32="*")),1,""))) | AM31: =IF(AND(AC31="*",AC32="*"),1,"") | AT31: =IF(AND(AO31="*",OR(AP32="*",AQ32="*",AR32="*")), 1,"") | AU31: =IF(AND(AO31="*",AS32="*"),1,"") | AV31: =IF(AND(AS32="*", OR(AP31="*", AQ31="*",AR31="*")),1,"") | AW31: =IF(AND(AO32="*",OR(AP31="*",AQ31="*",AR31="*",AS31="*")),1,IF(AND(AS31="*",OR(AO32="*",AP32="*",AQ32="*",AR32="*")),1,"")) | AX31: =IF(AND(AP31="*",OR(AP32="*",AQ32="*",AR32="*")),1,IF(AND(AQ31="*",OR(AP32="*",AQ32="*",AR32="*")),1,IF(AND(AR31="*",OR(AP32="*",AQ32="*",AR32="*")),1,""))) | AY31: =IF(AND(AO31="*",AO32="*"),1,"") | BF31: =IF(AND(BA31="*",OR(BB32="*",BC32="*",BD32="*")), 1,"") | BG31: =IF(AND(BA31="*",BE32="*"),1,"") | BH31: =IF(AND(BE32="*", OR(BB31="*", BC31="*",BD31="*")),1,"") | BI31: =IF(AND(BA32="*",OR(BB31="*",BC31="*",BD31="*",BE31="*")),1,IF(AND(BE31="*",OR(BA32="*",BB32="*",BC32="*",BD32="*")),1,"")) | BJ31: =IF(AND(BB31="*",OR(BB32="*",BC32="*",BD32="*")),1,IF(AND(BC31="*",OR(BB32="*",BC32="*",BD32="*")),1,IF(AND(BD31="*",OR(BB32="*",BC32="*",BD32="*")),1,""))) | BK31: =IF(AND(BA31="*",BA32="*"),1,"") | BS31: =IF(AND(BM31="*",OR(BN32="*",BO32="*",BP32="*")), 1,"") | BT31: =IF(AND(BM31="*",BQ32="*"),1,"") | BU31: =IF(AND(BQ32="*", OR(BN31="*", BO31="*",BP31="*")),1,"") | BV31: =IF(AND(BM32="*",OR(BN31="*",BO31="*",BP31="*",BQ31="*")),1,IF(AND(BQ31="*",OR(BM32="*",BN32="*",BO32="*",BP32="*")),1,"")) | BW31: =IF(AND(BN31="*",OR(BN32="*",BO32="*",BP32="*")),1,IF(AND(BO31="*",OR(BN32="*",BO32="*",BP32="*")),1,IF(AND(BP31="*",OR(BN32="*",BO32="*",BP32="*")),1,""))) | BX31: =IF(AND(BM31="*",BM32="*"),1,"") | CE31: =IF(AND(BZ31="*",OR(CA32="*",CB32="*",CC32="*")), 1,"") | CF31: =IF(AND(BZ31="*",CD32="*"),1,"") | CG31: =IF(AND(CD32="*", OR(CA31="*", CB31="*",CC31="*")),1,"") | CH31: =IF(AND(BZ32="*",OR(CA31="*",CB31="*",CC31="*",CD31="*")),1,IF(AND(CD31="*",OR(BZ32="*",CA32="*",CB32="*",CC32="*")),1,"")) | CI31: =IF(AND(CA31="*",OR(CA32="*",CB32="*",CC32="*")),1,IF(AND(CB31="*",OR(CA32="*",CB32="*",CC32="*")),1,IF(AND(CC31="*",OR(CA32="*",CB32="*",CC32="*")),1,""))) | CJ31: =IF(AND(BZ31="*",BZ32="*"),1,"") | CQ31: =IF(AND(CL31="*",OR(CM32="*",CN32="*",CO32="*")), 1,"") | CR31: =IF(AND(CL31="*",CP32="*"),1,"") | CS31: =IF(AND(CP32="*", OR(CM31="*", CN31="*",CO31="*")),1,"") | CT31: =IF(AND(CL32="*",OR(CM31="*",CN31="*",CO31="*",CP31="*")),1,IF(AND(CP31="*",OR(CL32="*",CM32="*",CN32="*",CO32="*")),1,"")) | CU31: =IF(AND(CM31="*",OR(CM32="*",CN32="*",CO32="*")),1,IF(AND(CN31="*",OR(CM32="*",CN32="*",CO32="*")),1,IF(AND(CO31="*",OR(CM32="*",CN32="*",CO32="*")),1,""))) | CV31: =IF(AND(CL31="*",CL32="*"),1,"") | DC31: =IF(AND(CX31="*",OR(CY32="*",CZ32="*",DA32="*")), 1,"") | DD31: =IF(AND(CX31="*",DB32="*"),1,"") | DE31: =IF(AND(DB32="*", OR(CY31="*", CZ31="*",DA31="*")),1,"") | DF31: =IF(AND(CX32="*",OR(CY31="*",CZ31="*",DA31="*",DB31="*")),1,IF(AND(DB31="*",OR(CX32="*",CY32="*",CZ32="*",DA32="*")),1,"")) | DG31: =IF(AND(CY31="*",OR(CY32="*",CZ32="*",DA32="*")),1,IF(AND(CZ31="*",OR(CY32="*",CZ32="*",DA32="*")),1,IF(AND(DA31="*",OR(CY32="*",CZ32="*",DA32="*")),1,""))) | DH31: =IF(AND(CX31="*",CX32="*"),1,"") | DO31: =IF(AND(DJ31="*",OR(DK32="*",DL32="*",DM32="*")), 1,"") | DP31: =IF(AND(DJ31="*",DN32="*"),1,"") | DQ31: =IF(AND(DN32="*", OR(DK31="*", DL31="*",DM31="*")),1,"") | DR31: =IF(AND(DJ32="*",OR(DK31="*",DL31="*",DM31="*",DN31="*")),1,IF(AND(DN31="*",OR(DJ32="*",DK32="*",DL32="*",DM32="*")),1,"")) | DS31: =IF(AND(DK31="*",OR(DK32="*",DL32="*",DM32="*")),1,IF(AND(DL31="*",OR(DK32="*",DL32="*",DM32="*")),1,IF(AND(DM31="*",OR(DK32="*",DL32="*",DM32="*")),1,""))) | DT31: =IF(AND(DJ31="*",DJ32="*"),1,"") | EA31: =IF(AND(DV31="*",OR(DW32="*",DX32="*",DY32="*")), 1,"") | EB31: =IF(AND(DV31="*",DZ32="*"),1,"") | EC31: =IF(AND(DZ32="*", OR(DW31="*", DX31="*",DY31="*")),1,"") | ED31: =IF(AND(DV32="*",OR(DW31="*",DX31="*",DY31="*",DZ31="*")),1,IF(AND(DZ31="*",OR(DV32="*",DW32="*",DX32="*",DY32="*")),1,"")) | EE31: =IF(AND(DW31="*",OR(DW32="*",DX32="*",DY32="*")),1,IF(AND(DX31="*",OR(DW32="*",DX32="*",DY32="*")),1,IF(AND(DY31="*",OR(DW32="*",DX32="*",DY32="*")),1,""))) | EF31: =IF(AND(DV31="*",DV32="*"),1,"") | EM31: =IF(AND(EH31="*",OR(EI32="*",EJ32="*",EK32="*")), 1,"") | EN31: =IF(AND(EH31="*",EL32="*"),1,"") | EO31: =IF(AND(EL32="*", OR(EI31="*", EJ31="*",EK31="*")),1,"") | EP31: =IF(AND(EH32="*",OR(EI31="*",EJ31="*",EK31="*",EL31="*")),1,IF(AND(EL31="*",OR(EH32="*",EI32="*",EJ32="*",EK32="*")),1,"")) | EQ31: =IF(AND(EI31="*",OR(EI32="*",EJ32="*",EK32="*")),1,IF(AND(EJ31="*",OR(EI32="*",EJ32="*",EK32="*")),1,IF(AND(EK31="*",OR(EI32="*",EJ32="*",EK32="*")),1,""))) | ER31: =IF(AND(EH31="*",EH32="*"),1,"") | EY31: =IF(AND(ET31="*",OR(EU32="*",EV32="*",EW32="*")), 1,"") | EZ31: =IF(AND(ET31="*",EX32="*"),1,"") | FA31: =IF(AND(EX32="*", OR(EU31="*", EV31="*",EW31="*")),1,"") | FB31: =IF(AND(ET32="*",OR(EU31="*",EV31="*",EW31="*",EX31="*")),1,IF(AND(EX31="*",OR(ET32="*",EU32="*",EV32="*",EW32="*")),1,"")) | FC31: =IF(AND(EU31="*",OR(EU32="*",EV32="*",EW32="*")),1,IF(AND(EV31="*",OR(EU32="*",EV32="*",EW32="*")),1,IF(AND(EW31="*",OR(EU32="*",EV32="*",EW32="*")),1,""))) | FD31: =IF(AND(ET31="*",ET32="*"),1,"") | FK31: =IF(AND(FF31="*",OR(FG32="*",FH32="*",FI32="*")), 1,"") | FL31: =IF(AND(FF31="*",FJ32="*"),1,"") | FM31: =IF(AND(FJ32="*", OR(FG31="*", FH31="*",FI31="*")),1,"") | FN31: =IF(AND(FF32="*",OR(FG31="*",FH31="*",FI31="*",FJ31="*")),1,IF(AND(FJ31="*",OR(FF32="*",FG32="*",FH32="*",FI32="*")),1,"")) | FO31: =IF(AND(FG31="*",OR(FG32="*",FH32="*",FI32="*")),1,IF(AND(FH31="*",OR(FG32="*",FH32="*",FI32="*")),1,IF(AND(FI31="*",OR(FG32="*",FH32="*",FI32="*")),1,""))) | FP31: =IF(AND(FF31="*",FF32="*"),1,"") | FW31: =IF(AND(FR31="*",OR(FS32="*",FT32="*",FU32="*")), 1,"") | FX31: =IF(AND(FR31="*",FV32="*"),1,"") | FY31: =IF(AND(FV32="*", OR(FS31="*", FT31="*",FU31="*")),1,"") | FZ31: =IF(AND(FR32="*",OR(FS31="*",FT31="*",FU31="*",FV31="*")),1,IF(AND(FV31="*",OR(FR32="*",FS32="*",FT32="*",FU32="*")),1,"")) | GA31: =IF(AND(FS31="*",OR(FS32="*",FT32="*",FU32="*")),1,IF(AND(FT31="*",OR(FS32="*",FT32="*",FU32="*")),1,IF(AND(FU31="*",OR(FS32="*",FT32="*",FU32="*")),1,""))) | GB31: =IF(AND(FR31="*",FR32="*"),1,"") | GJ31: =IF(AND(GD31="*",OR(GE32="*",GF32="*",GG32="*")), 1,"") | GK31: =IF(AND(GD31="*",GH32="*"),1,"") | GL31: =IF(AND(GH32="*", OR(GE31="*", GF31="*",GG31="*")),1,"") | GM31: =IF(AND(GD32="*",OR(GE31="*",GF31="*",GG31="*",GH31="*")),1,IF(AND(GH31="*",OR(GD32="*",GE32="*",GF32="*",GG32="*")),1,"")) | GN31: =IF(AND(GE31="*",OR(GE32="*",GF32="*",GG32="*")),1,IF(AND(GF31="*",OR(GE32="*",GF32="*",GG32="*")),1,IF(AND(GG31="*",OR(GE32="*",GF32="*",GG32="*")),1,""))) | GO31: =IF(AND(GD31="*",GD32="*"),1,"") | GV31: =IF(AND(GQ31="*",OR(GR32="*",GS32="*",GT32="*")), 1,"") | GW31: =IF(AND(GQ31="*",GU32="*"),1,"") | GX31: =IF(AND(GU32="*", OR(GR31="*", GS31="*",GT31="*")),1,"") | GY31: =IF(AND(GQ32="*",OR(GR31="*",GS31="*",GT31="*",GU31="*")),1,IF(AND(GU31="*",OR(GQ32="*",GR32="*",GS32="*",GT32="*")),1,"")) | GZ31: =IF(AND(GR31="*",OR(GR32="*",GS32="*",GT32="*")),1,IF(AND(GS31="*",OR(GR32="*",GS32="*",GT32="*")),1,IF(AND(GT31="*",OR(GR32="*",GS32="*",GT32="*")),1,""))) | HA31: =IF(AND(GQ31="*",GQ32="*"),1,"") | HH31: =IF(AND(HC31="*",OR(HD32="*",HE32="*",HF32="*")), 1,"") | HI31: =IF(AND(HC31="*",HG32="*"),1,"") | HJ31: =IF(AND(HG32="*", OR(HD31="*", HE31="*",HF31="*")),1,"") | HK31: =IF(AND(HC32="*",OR(HD31="*",HE31="*",HF31="*",HG31="*")),1,IF(AND(HG31="*",OR(HC32="*",HD32="*",HE32="*",HF32="*")),1,"")) | HL31: =IF(AND(HD31="*",OR(HD32="*",HE32="*",HF32="*")),1,IF(AND(HE31="*",OR(HD32="*",HE32="*",HF32="*")),1,IF(AND(HF31="*",OR(HD32="*",HE32="*",HF32="*")),1,""))) | HM31: =IF(AND(HC31="*",HC32="*"),1,"") | HT31: =IF(AND(HO31="*",OR(HP32="*",HQ32="*",HR32="*")), 1,"") | HU31: =IF(AND(HO31="*",HS32="*"),1,"") | HV31: =IF(AND(HS32="*", OR(HP31="*", HQ31="*",HR31="*")),1,"") | HW31: =IF(AND(HO32="*",OR(HP31="*",HQ31="*",HR31="*",HS31="*")),1,IF(AND(HS31="*",OR(HO32="*",HP32="*",HQ32="*",HR32="*")),1,"")) | HX31: =IF(AND(HP31="*",OR(HP32="*",HQ32="*",HR32="*")),1,IF(AND(HQ31="*",OR(HP32="*",HQ32="*",HR32="*")),1,IF(AND(HR31="*",OR(HP32="*",HQ32="*",HR32="*")),1,""))) | HY31: =IF(AND(HO31="*",HO32="*"),1,"") | IF31: =IF(AND(IA31="*",OR(IB32="*",IC32="*",ID32="*")), 1,"") | IG31: =IF(AND(IA31="*",IE32="*"),1,"") | IH31: =IF(AND(IE32="*", OR(IB31="*", IC31="*",ID31="*")),1,"") | II31: =IF(AND(IA32="*",OR(IB31="*",IC31="*",ID31="*",IE31="*")),1,IF(AND(IE31="*",OR(IA32="*",IB32="*",IC32="*",ID32="*")),1,"")) | IJ31: =IF(AND(IB31="*",OR(IB32="*",IC32="*",ID32="*")),1,IF(AND(IC31="*",OR(IB32="*",IC32="*",ID32="*")),1,IF(AND(ID31="*",OR(IB32="*",IC32="*",ID32="*")),1,""))) | IK31: =IF(AND(IA31="*",IA32="*"),1,"") | IL31: =COUNT(J31,V31,AH31,AT31,BF31,BS31,CE31,CQ31,DC31,DO31,EA31,EM31,EY31,FK31,FW31,GJ31,GV31,HH31,HT31,IF31) -> 0 | IM31: =COUNT(K31,W31,AI31,AU31,BG31,BT31,CF31,CR31,DD31,DP31,EB31,EN31,EZ31,FL31,FX31,GK31,GW31,HI31,HU31,IG31) -> 0 | IN31: =COUNT(L31,X31,AJ31,AV31,BH31,BU31,CG31,CS31,DE31,DQ31,EC31,EO31,FA31,FM31,FY31,GL31,GX31,HJ31,HV31,IH31) -> 0 | IO31: =COUNT(M31,Y31,AK31,AW31,BI31,BV31,CH31,CT31,DF31,DR31,ED31,EP31,FB31,FN31,FZ31,GM31,GY31,HK31,HW31,II31) -> 0 | IP31: =COUNT(N31,Z31,AL31,AX31,BJ31,BW31,CI31,CU31,DG31,DS31,EE31,EQ31,FC31,FO31,GA31,GN31,GZ31,HL31,HX31,IJ31) -> 0 | IQ31: =COUNT(O31,AA31,AM31,AY31,BK31,BX31,CJ31,CV31,DH31,DT31,EF31,ER31,FD31,FP31,GB31,GO31,HA31,HM31,HY31,IK31) -> 0
D32: 부정적 질문
B33: 16 | C33: =고객요구사항도출표!C20 -> 0 | D33: 긍정적 질문 | J33: =IF(AND(E33="*",OR(F34="*",G34="*",H34="*")), 1,"") | K33: =IF(AND(E33="*",I34="*"),1,"") | L33: =IF(AND(I34="*", OR(F33="*", G33="*",H33="*")),1,"") | M33: =IF(AND(E34="*",OR(F33="*",G33="*",H33="*",I33="*")),1,IF(AND(I33="*",OR(E34="*",F34="*",G34="*",H34="*")),1,"")) | N33: =IF(AND(F33="*",OR(F34="*",G34="*",H34="*")),1,IF(AND(G33="*",OR(F34="*",G34="*",H34="*")),1,IF(AND(H33="*",OR(F34="*",G34="*",H34="*")),1,""))) | O33: =IF(AND(E33="*",E34="*"),1,"") | V33: =IF(AND(Q33="*",OR(R34="*",S34="*",T34="*")), 1,"") | W33: =IF(AND(Q33="*",U34="*"),1,"") | X33: =IF(AND(U34="*", OR(R33="*", S33="*",T33="*")),1,"") | Y33: =IF(AND(Q34="*",OR(R33="*",S33="*",T33="*",U33="*")),1,IF(AND(U33="*",OR(Q34="*",R34="*",S34="*",T34="*")),1,"")) | Z33: =IF(AND(R33="*",OR(R34="*",S34="*",T34="*")),1,IF(AND(S33="*",OR(R34="*",S34="*",T34="*")),1,IF(AND(T33="*",OR(R34="*",S34="*",T34="*")),1,""))) | AA33: =IF(AND(Q33="*",Q34="*"),1,"") | AH33: =IF(AND(AC33="*",OR(AD34="*",AE34="*",AF34="*")), 1,"") | AI33: =IF(AND(AC33="*",AG34="*"),1,"") | AJ33: =IF(AND(AG34="*", OR(AD33="*", AE33="*",AF33="*")),1,"") | AK33: =IF(AND(AC34="*",OR(AD33="*",AE33="*",AF33="*",AG33="*")),1,IF(AND(AG33="*",OR(AC34="*",AD34="*",AE34="*",AF34="*")),1,"")) | AL33: =IF(AND(AD33="*",OR(AD34="*",AE34="*",AF34="*")),1,IF(AND(AE33="*",OR(AD34="*",AE34="*",AF34="*")),1,IF(AND(AF33="*",OR(AD34="*",AE34="*",AF34="*")),1,""))) | AM33: =IF(AND(AC33="*",AC34="*"),1,"") | AT33: =IF(AND(AO33="*",OR(AP34="*",AQ34="*",AR34="*")), 1,"") | AU33: =IF(AND(AO33="*",AS34="*"),1,"") | AV33: =IF(AND(AS34="*", OR(AP33="*", AQ33="*",AR33="*")),1,"") | AW33: =IF(AND(AO34="*",OR(AP33="*",AQ33="*",AR33="*",AS33="*")),1,IF(AND(AS33="*",OR(AO34="*",AP34="*",AQ34="*",AR34="*")),1,"")) | AX33: =IF(AND(AP33="*",OR(AP34="*",AQ34="*",AR34="*")),1,IF(AND(AQ33="*",OR(AP34="*",AQ34="*",AR34="*")),1,IF(AND(AR33="*",OR(AP34="*",AQ34="*",AR34="*")),1,""))) | AY33: =IF(AND(AO33="*",AO34="*"),1,"") | BF33: =IF(AND(BA33="*",OR(BB34="*",BC34="*",BD34="*")), 1,"") | BG33: =IF(AND(BA33="*",BE34="*"),1,"") | BH33: =IF(AND(BE34="*", OR(BB33="*", BC33="*",BD33="*")),1,"") | BI33: =IF(AND(BA34="*",OR(BB33="*",BC33="*",BD33="*",BE33="*")),1,IF(AND(BE33="*",OR(BA34="*",BB34="*",BC34="*",BD34="*")),1,"")) | BJ33: =IF(AND(BB33="*",OR(BB34="*",BC34="*",BD34="*")),1,IF(AND(BC33="*",OR(BB34="*",BC34="*",BD34="*")),1,IF(AND(BD33="*",OR(BB34="*",BC34="*",BD34="*")),1,""))) | BK33: =IF(AND(BA33="*",BA34="*"),1,"") | BS33: =IF(AND(BM33="*",OR(BN34="*",BO34="*",BP34="*")), 1,"") | BT33: =IF(AND(BM33="*",BQ34="*"),1,"") | BU33: =IF(AND(BQ34="*", OR(BN33="*", BO33="*",BP33="*")),1,"") | BV33: =IF(AND(BM34="*",OR(BN33="*",BO33="*",BP33="*",BQ33="*")),1,IF(AND(BQ33="*",OR(BM34="*",BN34="*",BO34="*",BP34="*")),1,"")) | BW33: =IF(AND(BN33="*",OR(BN34="*",BO34="*",BP34="*")),1,IF(AND(BO33="*",OR(BN34="*",BO34="*",BP34="*")),1,IF(AND(BP33="*",OR(BN34="*",BO34="*",BP34="*")),1,""))) | BX33: =IF(AND(BM33="*",BM34="*"),1,"") | CE33: =IF(AND(BZ33="*",OR(CA34="*",CB34="*",CC34="*")), 1,"") | CF33: =IF(AND(BZ33="*",CD34="*"),1,"") | CG33: =IF(AND(CD34="*", OR(CA33="*", CB33="*",CC33="*")),1,"") | CH33: =IF(AND(BZ34="*",OR(CA33="*",CB33="*",CC33="*",CD33="*")),1,IF(AND(CD33="*",OR(BZ34="*",CA34="*",CB34="*",CC34="*")),1,"")) | CI33: =IF(AND(CA33="*",OR(CA34="*",CB34="*",CC34="*")),1,IF(AND(CB33="*",OR(CA34="*",CB34="*",CC34="*")),1,IF(AND(CC33="*",OR(CA34="*",CB34="*",CC34="*")),1,""))) | CJ33: =IF(AND(BZ33="*",BZ34="*"),1,"") | CQ33: =IF(AND(CL33="*",OR(CM34="*",CN34="*",CO34="*")), 1,"") | CR33: =IF(AND(CL33="*",CP34="*"),1,"") | CS33: =IF(AND(CP34="*", OR(CM33="*", CN33="*",CO33="*")),1,"") | CT33: =IF(AND(CL34="*",OR(CM33="*",CN33="*",CO33="*",CP33="*")),1,IF(AND(CP33="*",OR(CL34="*",CM34="*",CN34="*",CO34="*")),1,"")) | CU33: =IF(AND(CM33="*",OR(CM34="*",CN34="*",CO34="*")),1,IF(AND(CN33="*",OR(CM34="*",CN34="*",CO34="*")),1,IF(AND(CO33="*",OR(CM34="*",CN34="*",CO34="*")),1,""))) | CV33: =IF(AND(CL33="*",CL34="*"),1,"") | DC33: =IF(AND(CX33="*",OR(CY34="*",CZ34="*",DA34="*")), 1,"") | DD33: =IF(AND(CX33="*",DB34="*"),1,"") | DE33: =IF(AND(DB34="*", OR(CY33="*", CZ33="*",DA33="*")),1,"") | DF33: =IF(AND(CX34="*",OR(CY33="*",CZ33="*",DA33="*",DB33="*")),1,IF(AND(DB33="*",OR(CX34="*",CY34="*",CZ34="*",DA34="*")),1,"")) | DG33: =IF(AND(CY33="*",OR(CY34="*",CZ34="*",DA34="*")),1,IF(AND(CZ33="*",OR(CY34="*",CZ34="*",DA34="*")),1,IF(AND(DA33="*",OR(CY34="*",CZ34="*",DA34="*")),1,""))) | DH33: =IF(AND(CX33="*",CX34="*"),1,"") | DO33: =IF(AND(DJ33="*",OR(DK34="*",DL34="*",DM34="*")), 1,"") | DP33: =IF(AND(DJ33="*",DN34="*"),1,"") | DQ33: =IF(AND(DN34="*", OR(DK33="*", DL33="*",DM33="*")),1,"") | DR33: =IF(AND(DJ34="*",OR(DK33="*",DL33="*",DM33="*",DN33="*")),1,IF(AND(DN33="*",OR(DJ34="*",DK34="*",DL34="*",DM34="*")),1,"")) | DS33: =IF(AND(DK33="*",OR(DK34="*",DL34="*",DM34="*")),1,IF(AND(DL33="*",OR(DK34="*",DL34="*",DM34="*")),1,IF(AND(DM33="*",OR(DK34="*",DL34="*",DM34="*")),1,""))) | DT33: =IF(AND(DJ33="*",DJ34="*"),1,"") | EA33: =IF(AND(DV33="*",OR(DW34="*",DX34="*",DY34="*")), 1,"") | EB33: =IF(AND(DV33="*",DZ34="*"),1,"") | EC33: =IF(AND(DZ34="*", OR(DW33="*", DX33="*",DY33="*")),1,"") | ED33: =IF(AND(DV34="*",OR(DW33="*",DX33="*",DY33="*",DZ33="*")),1,IF(AND(DZ33="*",OR(DV34="*",DW34="*",DX34="*",DY34="*")),1,"")) | EE33: =IF(AND(DW33="*",OR(DW34="*",DX34="*",DY34="*")),1,IF(AND(DX33="*",OR(DW34="*",DX34="*",DY34="*")),1,IF(AND(DY33="*",OR(DW34="*",DX34="*",DY34="*")),1,""))) | EF33: =IF(AND(DV33="*",DV34="*"),1,"") | EM33: =IF(AND(EH33="*",OR(EI34="*",EJ34="*",EK34="*")), 1,"") | EN33: =IF(AND(EH33="*",EL34="*"),1,"") | EO33: =IF(AND(EL34="*", OR(EI33="*", EJ33="*",EK33="*")),1,"") | EP33: =IF(AND(EH34="*",OR(EI33="*",EJ33="*",EK33="*",EL33="*")),1,IF(AND(EL33="*",OR(EH34="*",EI34="*",EJ34="*",EK34="*")),1,"")) | EQ33: =IF(AND(EI33="*",OR(EI34="*",EJ34="*",EK34="*")),1,IF(AND(EJ33="*",OR(EI34="*",EJ34="*",EK34="*")),1,IF(AND(EK33="*",OR(EI34="*",EJ34="*",EK34="*")),1,""))) | ER33: =IF(AND(EH33="*",EH34="*"),1,"") | EY33: =IF(AND(ET33="*",OR(EU34="*",EV34="*",EW34="*")), 1,"") | EZ33: =IF(AND(ET33="*",EX34="*"),1,"") | FA33: =IF(AND(EX34="*", OR(EU33="*", EV33="*",EW33="*")),1,"") | FB33: =IF(AND(ET34="*",OR(EU33="*",EV33="*",EW33="*",EX33="*")),1,IF(AND(EX33="*",OR(ET34="*",EU34="*",EV34="*",EW34="*")),1,"")) | FC33: =IF(AND(EU33="*",OR(EU34="*",EV34="*",EW34="*")),1,IF(AND(EV33="*",OR(EU34="*",EV34="*",EW34="*")),1,IF(AND(EW33="*",OR(EU34="*",EV34="*",EW34="*")),1,""))) | FD33: =IF(AND(ET33="*",ET34="*"),1,"") | FK33: =IF(AND(FF33="*",OR(FG34="*",FH34="*",FI34="*")), 1,"") | FL33: =IF(AND(FF33="*",FJ34="*"),1,"") | FM33: =IF(AND(FJ34="*", OR(FG33="*", FH33="*",FI33="*")),1,"") | FN33: =IF(AND(FF34="*",OR(FG33="*",FH33="*",FI33="*",FJ33="*")),1,IF(AND(FJ33="*",OR(FF34="*",FG34="*",FH34="*",FI34="*")),1,"")) | FO33: =IF(AND(FG33="*",OR(FG34="*",FH34="*",FI34="*")),1,IF(AND(FH33="*",OR(FG34="*",FH34="*",FI34="*")),1,IF(AND(FI33="*",OR(FG34="*",FH34="*",FI34="*")),1,""))) | FP33: =IF(AND(FF33="*",FF34="*"),1,"") | FW33: =IF(AND(FR33="*",OR(FS34="*",FT34="*",FU34="*")), 1,"") | FX33: =IF(AND(FR33="*",FV34="*"),1,"") | FY33: =IF(AND(FV34="*", OR(FS33="*", FT33="*",FU33="*")),1,"") | FZ33: =IF(AND(FR34="*",OR(FS33="*",FT33="*",FU33="*",FV33="*")),1,IF(AND(FV33="*",OR(FR34="*",FS34="*",FT34="*",FU34="*")),1,"")) | GA33: =IF(AND(FS33="*",OR(FS34="*",FT34="*",FU34="*")),1,IF(AND(FT33="*",OR(FS34="*",FT34="*",FU34="*")),1,IF(AND(FU33="*",OR(FS34="*",FT34="*",FU34="*")),1,""))) | GB33: =IF(AND(FR33="*",FR34="*"),1,"") | GJ33: =IF(AND(GD33="*",OR(GE34="*",GF34="*",GG34="*")), 1,"") | GK33: =IF(AND(GD33="*",GH34="*"),1,"") | GL33: =IF(AND(GH34="*", OR(GE33="*", GF33="*",GG33="*")),1,"") | GM33: =IF(AND(GD34="*",OR(GE33="*",GF33="*",GG33="*",GH33="*")),1,IF(AND(GH33="*",OR(GD34="*",GE34="*",GF34="*",GG34="*")),1,"")) | GN33: =IF(AND(GE33="*",OR(GE34="*",GF34="*",GG34="*")),1,IF(AND(GF33="*",OR(GE34="*",GF34="*",GG34="*")),1,IF(AND(GG33="*",OR(GE34="*",GF34="*",GG34="*")),1,""))) | GO33: =IF(AND(GD33="*",GD34="*"),1,"") | GV33: =IF(AND(GQ33="*",OR(GR34="*",GS34="*",GT34="*")), 1,"") | GW33: =IF(AND(GQ33="*",GU34="*"),1,"") | GX33: =IF(AND(GU34="*", OR(GR33="*", GS33="*",GT33="*")),1,"") | GY33: =IF(AND(GQ34="*",OR(GR33="*",GS33="*",GT33="*",GU33="*")),1,IF(AND(GU33="*",OR(GQ34="*",GR34="*",GS34="*",GT34="*")),1,"")) | GZ33: =IF(AND(GR33="*",OR(GR34="*",GS34="*",GT34="*")),1,IF(AND(GS33="*",OR(GR34="*",GS34="*",GT34="*")),1,IF(AND(GT33="*",OR(GR34="*",GS34="*",GT34="*")),1,""))) | HA33: =IF(AND(GQ33="*",GQ34="*"),1,"") | HH33: =IF(AND(HC33="*",OR(HD34="*",HE34="*",HF34="*")), 1,"") | HI33: =IF(AND(HC33="*",HG34="*"),1,"") | HJ33: =IF(AND(HG34="*", OR(HD33="*", HE33="*",HF33="*")),1,"") | HK33: =IF(AND(HC34="*",OR(HD33="*",HE33="*",HF33="*",HG33="*")),1,IF(AND(HG33="*",OR(HC34="*",HD34="*",HE34="*",HF34="*")),1,"")) | HL33: =IF(AND(HD33="*",OR(HD34="*",HE34="*",HF34="*")),1,IF(AND(HE33="*",OR(HD34="*",HE34="*",HF34="*")),1,IF(AND(HF33="*",OR(HD34="*",HE34="*",HF34="*")),1,""))) | HM33: =IF(AND(HC33="*",HC34="*"),1,"") | HT33: =IF(AND(HO33="*",OR(HP34="*",HQ34="*",HR34="*")), 1,"") | HU33: =IF(AND(HO33="*",HS34="*"),1,"") | HV33: =IF(AND(HS34="*", OR(HP33="*", HQ33="*",HR33="*")),1,"") | HW33: =IF(AND(HO34="*",OR(HP33="*",HQ33="*",HR33="*",HS33="*")),1,IF(AND(HS33="*",OR(HO34="*",HP34="*",HQ34="*",HR34="*")),1,"")) | HX33: =IF(AND(HP33="*",OR(HP34="*",HQ34="*",HR34="*")),1,IF(AND(HQ33="*",OR(HP34="*",HQ34="*",HR34="*")),1,IF(AND(HR33="*",OR(HP34="*",HQ34="*",HR34="*")),1,""))) | HY33: =IF(AND(HO33="*",HO34="*"),1,"") | IF33: =IF(AND(IA33="*",OR(IB34="*",IC34="*",ID34="*")), 1,"") | IG33: =IF(AND(IA33="*",IE34="*"),1,"") | IH33: =IF(AND(IE34="*", OR(IB33="*", IC33="*",ID33="*")),1,"") | II33: =IF(AND(IA34="*",OR(IB33="*",IC33="*",ID33="*",IE33="*")),1,IF(AND(IE33="*",OR(IA34="*",IB34="*",IC34="*",ID34="*")),1,"")) | IJ33: =IF(AND(IB33="*",OR(IB34="*",IC34="*",ID34="*")),1,IF(AND(IC33="*",OR(IB34="*",IC34="*",ID34="*")),1,IF(AND(ID33="*",OR(IB34="*",IC34="*",ID34="*")),1,""))) | IK33: =IF(AND(IA33="*",IA34="*"),1,"") | IL33: =COUNT(J33,V33,AH33,AT33,BF33,BS33,CE33,CQ33,DC33,DO33,EA33,EM33,EY33,FK33,FW33,GJ33,GV33,HH33,HT33,IF33) -> 0 | IM33: =COUNT(K33,W33,AI33,AU33,BG33,BT33,CF33,CR33,DD33,DP33,EB33,EN33,EZ33,FL33,FX33,GK33,GW33,HI33,HU33,IG33) -> 0 | IN33: =COUNT(L33,X33,AJ33,AV33,BH33,BU33,CG33,CS33,DE33,DQ33,EC33,EO33,FA33,FM33,FY33,GL33,GX33,HJ33,HV33,IH33) -> 0 | IO33: =COUNT(M33,Y33,AK33,AW33,BI33,BV33,CH33,CT33,DF33,DR33,ED33,EP33,FB33,FN33,FZ33,GM33,GY33,HK33,HW33,II33) -> 0 | IP33: =COUNT(N33,Z33,AL33,AX33,BJ33,BW33,CI33,CU33,DG33,DS33,EE33,EQ33,FC33,FO33,GA33,GN33,GZ33,HL33,HX33,IJ33) -> 0 | IQ33: =COUNT(O33,AA33,AM33,AY33,BK33,BX33,CJ33,CV33,DH33,DT33,EF33,ER33,FD33,FP33,GB33,GO33,HA33,HM33,HY33,IK33) -> 0
D34: 부정적 질문
B35: 17 | C35: =고객요구사항도출표!C21 -> 0 | D35: 긍정적 질문 | J35: =IF(AND(E35="*",OR(F36="*",G36="*",H36="*")), 1,"") | K35: =IF(AND(E35="*",I36="*"),1,"") | L35: =IF(AND(I36="*", OR(F35="*", G35="*",H35="*")),1,"") | M35: =IF(AND(E36="*",OR(F35="*",G35="*",H35="*",I35="*")),1,IF(AND(I35="*",OR(E36="*",F36="*",G36="*",H36="*")),1,"")) | N35: =IF(AND(F35="*",OR(F36="*",G36="*",H36="*")),1,IF(AND(G35="*",OR(F36="*",G36="*",H36="*")),1,IF(AND(H35="*",OR(F36="*",G36="*",H36="*")),1,""))) | O35: =IF(AND(E35="*",E36="*"),1,"") | V35: =IF(AND(Q35="*",OR(R36="*",S36="*",T36="*")), 1,"") | W35: =IF(AND(Q35="*",U36="*"),1,"") | X35: =IF(AND(U36="*", OR(R35="*", S35="*",T35="*")),1,"") | Y35: =IF(AND(Q36="*",OR(R35="*",S35="*",T35="*",U35="*")),1,IF(AND(U35="*",OR(Q36="*",R36="*",S36="*",T36="*")),1,"")) | Z35: =IF(AND(R35="*",OR(R36="*",S36="*",T36="*")),1,IF(AND(S35="*",OR(R36="*",S36="*",T36="*")),1,IF(AND(T35="*",OR(R36="*",S36="*",T36="*")),1,""))) | AA35: =IF(AND(Q35="*",Q36="*"),1,"") | AH35: =IF(AND(AC35="*",OR(AD36="*",AE36="*",AF36="*")), 1,"") | AI35: =IF(AND(AC35="*",AG36="*"),1,"") | AJ35: =IF(AND(AG36="*", OR(AD35="*", AE35="*",AF35="*")),1,"") | AK35: =IF(AND(AC36="*",OR(AD35="*",AE35="*",AF35="*",AG35="*")),1,IF(AND(AG35="*",OR(AC36="*",AD36="*",AE36="*",AF36="*")),1,"")) | AL35: =IF(AND(AD35="*",OR(AD36="*",AE36="*",AF36="*")),1,IF(AND(AE35="*",OR(AD36="*",AE36="*",AF36="*")),1,IF(AND(AF35="*",OR(AD36="*",AE36="*",AF36="*")),1,""))) | AM35: =IF(AND(AC35="*",AC36="*"),1,"") | AT35: =IF(AND(AO35="*",OR(AP36="*",AQ36="*",AR36="*")), 1,"") | AU35: =IF(AND(AO35="*",AS36="*"),1,"") | AV35: =IF(AND(AS36="*", OR(AP35="*", AQ35="*",AR35="*")),1,"") | AW35: =IF(AND(AO36="*",OR(AP35="*",AQ35="*",AR35="*",AS35="*")),1,IF(AND(AS35="*",OR(AO36="*",AP36="*",AQ36="*",AR36="*")),1,"")) | AX35: =IF(AND(AP35="*",OR(AP36="*",AQ36="*",AR36="*")),1,IF(AND(AQ35="*",OR(AP36="*",AQ36="*",AR36="*")),1,IF(AND(AR35="*",OR(AP36="*",AQ36="*",AR36="*")),1,""))) | AY35: =IF(AND(AO35="*",AO36="*"),1,"") | BF35: =IF(AND(BA35="*",OR(BB36="*",BC36="*",BD36="*")), 1,"") | BG35: =IF(AND(BA35="*",BE36="*"),1,"") | BH35: =IF(AND(BE36="*", OR(BB35="*", BC35="*",BD35="*")),1,"") | BI35: =IF(AND(BA36="*",OR(BB35="*",BC35="*",BD35="*",BE35="*")),1,IF(AND(BE35="*",OR(BA36="*",BB36="*",BC36="*",BD36="*")),1,"")) | BJ35: =IF(AND(BB35="*",OR(BB36="*",BC36="*",BD36="*")),1,IF(AND(BC35="*",OR(BB36="*",BC36="*",BD36="*")),1,IF(AND(BD35="*",OR(BB36="*",BC36="*",BD36="*")),1,""))) | BK35: =IF(AND(BA35="*",BA36="*"),1,"") | BS35: =IF(AND(BM35="*",OR(BN36="*",BO36="*",BP36="*")), 1,"") | BT35: =IF(AND(BM35="*",BQ36="*"),1,"") | BU35: =IF(AND(BQ36="*", OR(BN35="*", BO35="*",BP35="*")),1,"") | BV35: =IF(AND(BM36="*",OR(BN35="*",BO35="*",BP35="*",BQ35="*")),1,IF(AND(BQ35="*",OR(BM36="*",BN36="*",BO36="*",BP36="*")),1,"")) | BW35: =IF(AND(BN35="*",OR(BN36="*",BO36="*",BP36="*")),1,IF(AND(BO35="*",OR(BN36="*",BO36="*",BP36="*")),1,IF(AND(BP35="*",OR(BN36="*",BO36="*",BP36="*")),1,""))) | BX35: =IF(AND(BM35="*",BM36="*"),1,"") | CE35: =IF(AND(BZ35="*",OR(CA36="*",CB36="*",CC36="*")), 1,"") | CF35: =IF(AND(BZ35="*",CD36="*"),1,"") | CG35: =IF(AND(CD36="*", OR(CA35="*", CB35="*",CC35="*")),1,"") | CH35: =IF(AND(BZ36="*",OR(CA35="*",CB35="*",CC35="*",CD35="*")),1,IF(AND(CD35="*",OR(BZ36="*",CA36="*",CB36="*",CC36="*")),1,"")) | CI35: =IF(AND(CA35="*",OR(CA36="*",CB36="*",CC36="*")),1,IF(AND(CB35="*",OR(CA36="*",CB36="*",CC36="*")),1,IF(AND(CC35="*",OR(CA36="*",CB36="*",CC36="*")),1,""))) | CJ35: =IF(AND(BZ35="*",BZ36="*"),1,"") | CQ35: =IF(AND(CL35="*",OR(CM36="*",CN36="*",CO36="*")), 1,"") | CR35: =IF(AND(CL35="*",CP36="*"),1,"") | CS35: =IF(AND(CP36="*", OR(CM35="*", CN35="*",CO35="*")),1,"") | CT35: =IF(AND(CL36="*",OR(CM35="*",CN35="*",CO35="*",CP35="*")),1,IF(AND(CP35="*",OR(CL36="*",CM36="*",CN36="*",CO36="*")),1,"")) | CU35: =IF(AND(CM35="*",OR(CM36="*",CN36="*",CO36="*")),1,IF(AND(CN35="*",OR(CM36="*",CN36="*",CO36="*")),1,IF(AND(CO35="*",OR(CM36="*",CN36="*",CO36="*")),1,""))) | CV35: =IF(AND(CL35="*",CL36="*"),1,"") | DC35: =IF(AND(CX35="*",OR(CY36="*",CZ36="*",DA36="*")), 1,"") | DD35: =IF(AND(CX35="*",DB36="*"),1,"") | DE35: =IF(AND(DB36="*", OR(CY35="*", CZ35="*",DA35="*")),1,"") | DF35: =IF(AND(CX36="*",OR(CY35="*",CZ35="*",DA35="*",DB35="*")),1,IF(AND(DB35="*",OR(CX36="*",CY36="*",CZ36="*",DA36="*")),1,"")) | DG35: =IF(AND(CY35="*",OR(CY36="*",CZ36="*",DA36="*")),1,IF(AND(CZ35="*",OR(CY36="*",CZ36="*",DA36="*")),1,IF(AND(DA35="*",OR(CY36="*",CZ36="*",DA36="*")),1,""))) | DH35: =IF(AND(CX35="*",CX36="*"),1,"") | DO35: =IF(AND(DJ35="*",OR(DK36="*",DL36="*",DM36="*")), 1,"") | DP35: =IF(AND(DJ35="*",DN36="*"),1,"") | DQ35: =IF(AND(DN36="*", OR(DK35="*", DL35="*",DM35="*")),1,"") | DR35: =IF(AND(DJ36="*",OR(DK35="*",DL35="*",DM35="*",DN35="*")),1,IF(AND(DN35="*",OR(DJ36="*",DK36="*",DL36="*",DM36="*")),1,"")) | DS35: =IF(AND(DK35="*",OR(DK36="*",DL36="*",DM36="*")),1,IF(AND(DL35="*",OR(DK36="*",DL36="*",DM36="*")),1,IF(AND(DM35="*",OR(DK36="*",DL36="*",DM36="*")),1,""))) | DT35: =IF(AND(DJ35="*",DJ36="*"),1,"") | EA35: =IF(AND(DV35="*",OR(DW36="*",DX36="*",DY36="*")), 1,"") | EB35: =IF(AND(DV35="*",DZ36="*"),1,"") | EC35: =IF(AND(DZ36="*", OR(DW35="*", DX35="*",DY35="*")),1,"") | ED35: =IF(AND(DV36="*",OR(DW35="*",DX35="*",DY35="*",DZ35="*")),1,IF(AND(DZ35="*",OR(DV36="*",DW36="*",DX36="*",DY36="*")),1,"")) | EE35: =IF(AND(DW35="*",OR(DW36="*",DX36="*",DY36="*")),1,IF(AND(DX35="*",OR(DW36="*",DX36="*",DY36="*")),1,IF(AND(DY35="*",OR(DW36="*",DX36="*",DY36="*")),1,""))) | EF35: =IF(AND(DV35="*",DV36="*"),1,"") | EM35: =IF(AND(EH35="*",OR(EI36="*",EJ36="*",EK36="*")), 1,"") | EN35: =IF(AND(EH35="*",EL36="*"),1,"") | EO35: =IF(AND(EL36="*", OR(EI35="*", EJ35="*",EK35="*")),1,"") | EP35: =IF(AND(EH36="*",OR(EI35="*",EJ35="*",EK35="*",EL35="*")),1,IF(AND(EL35="*",OR(EH36="*",EI36="*",EJ36="*",EK36="*")),1,"")) | EQ35: =IF(AND(EI35="*",OR(EI36="*",EJ36="*",EK36="*")),1,IF(AND(EJ35="*",OR(EI36="*",EJ36="*",EK36="*")),1,IF(AND(EK35="*",OR(EI36="*",EJ36="*",EK36="*")),1,""))) | ER35: =IF(AND(EH35="*",EH36="*"),1,"") | EY35: =IF(AND(ET35="*",OR(EU36="*",EV36="*",EW36="*")), 1,"") | EZ35: =IF(AND(ET35="*",EX36="*"),1,"") | FA35: =IF(AND(EX36="*", OR(EU35="*", EV35="*",EW35="*")),1,"") | FB35: =IF(AND(ET36="*",OR(EU35="*",EV35="*",EW35="*",EX35="*")),1,IF(AND(EX35="*",OR(ET36="*",EU36="*",EV36="*",EW36="*")),1,"")) | FC35: =IF(AND(EU35="*",OR(EU36="*",EV36="*",EW36="*")),1,IF(AND(EV35="*",OR(EU36="*",EV36="*",EW36="*")),1,IF(AND(EW35="*",OR(EU36="*",EV36="*",EW36="*")),1,""))) | FD35: =IF(AND(ET35="*",ET36="*"),1,"") | FK35: =IF(AND(FF35="*",OR(FG36="*",FH36="*",FI36="*")), 1,"") | FL35: =IF(AND(FF35="*",FJ36="*"),1,"") | FM35: =IF(AND(FJ36="*", OR(FG35="*", FH35="*",FI35="*")),1,"") | FN35: =IF(AND(FF36="*",OR(FG35="*",FH35="*",FI35="*",FJ35="*")),1,IF(AND(FJ35="*",OR(FF36="*",FG36="*",FH36="*",FI36="*")),1,"")) | FO35: =IF(AND(FG35="*",OR(FG36="*",FH36="*",FI36="*")),1,IF(AND(FH35="*",OR(FG36="*",FH36="*",FI36="*")),1,IF(AND(FI35="*",OR(FG36="*",FH36="*",FI36="*")),1,""))) | FP35: =IF(AND(FF35="*",FF36="*"),1,"") | FW35: =IF(AND(FR35="*",OR(FS36="*",FT36="*",FU36="*")), 1,"") | FX35: =IF(AND(FR35="*",FV36="*"),1,"") | FY35: =IF(AND(FV36="*", OR(FS35="*", FT35="*",FU35="*")),1,"") | FZ35: =IF(AND(FR36="*",OR(FS35="*",FT35="*",FU35="*",FV35="*")),1,IF(AND(FV35="*",OR(FR36="*",FS36="*",FT36="*",FU36="*")),1,"")) | GA35: =IF(AND(FS35="*",OR(FS36="*",FT36="*",FU36="*")),1,IF(AND(FT35="*",OR(FS36="*",FT36="*",FU36="*")),1,IF(AND(FU35="*",OR(FS36="*",FT36="*",FU36="*")),1,""))) | GB35: =IF(AND(FR35="*",FR36="*"),1,"") | GJ35: =IF(AND(GD35="*",OR(GE36="*",GF36="*",GG36="*")), 1,"") | GK35: =IF(AND(GD35="*",GH36="*"),1,"") | GL35: =IF(AND(GH36="*", OR(GE35="*", GF35="*",GG35="*")),1,"") | GM35: =IF(AND(GD36="*",OR(GE35="*",GF35="*",GG35="*",GH35="*")),1,IF(AND(GH35="*",OR(GD36="*",GE36="*",GF36="*",GG36="*")),1,"")) | GN35: =IF(AND(GE35="*",OR(GE36="*",GF36="*",GG36="*")),1,IF(AND(GF35="*",OR(GE36="*",GF36="*",GG36="*")),1,IF(AND(GG35="*",OR(GE36="*",GF36="*",GG36="*")),1,""))) | GO35: =IF(AND(GD35="*",GD36="*"),1,"") | GV35: =IF(AND(GQ35="*",OR(GR36="*",GS36="*",GT36="*")), 1,"") | GW35: =IF(AND(GQ35="*",GU36="*"),1,"") | GX35: =IF(AND(GU36="*", OR(GR35="*", GS35="*",GT35="*")),1,"") | GY35: =IF(AND(GQ36="*",OR(GR35="*",GS35="*",GT35="*",GU35="*")),1,IF(AND(GU35="*",OR(GQ36="*",GR36="*",GS36="*",GT36="*")),1,"")) | GZ35: =IF(AND(GR35="*",OR(GR36="*",GS36="*",GT36="*")),1,IF(AND(GS35="*",OR(GR36="*",GS36="*",GT36="*")),1,IF(AND(GT35="*",OR(GR36="*",GS36="*",GT36="*")),1,""))) | HA35: =IF(AND(GQ35="*",GQ36="*"),1,"") | HH35: =IF(AND(HC35="*",OR(HD36="*",HE36="*",HF36="*")), 1,"") | HI35: =IF(AND(HC35="*",HG36="*"),1,"") | HJ35: =IF(AND(HG36="*", OR(HD35="*", HE35="*",HF35="*")),1,"") | HK35: =IF(AND(HC36="*",OR(HD35="*",HE35="*",HF35="*",HG35="*")),1,IF(AND(HG35="*",OR(HC36="*",HD36="*",HE36="*",HF36="*")),1,"")) | HL35: =IF(AND(HD35="*",OR(HD36="*",HE36="*",HF36="*")),1,IF(AND(HE35="*",OR(HD36="*",HE36="*",HF36="*")),1,IF(AND(HF35="*",OR(HD36="*",HE36="*",HF36="*")),1,""))) | HM35: =IF(AND(HC35="*",HC36="*"),1,"") | HT35: =IF(AND(HO35="*",OR(HP36="*",HQ36="*",HR36="*")), 1,"") | HU35: =IF(AND(HO35="*",HS36="*"),1,"") | HV35: =IF(AND(HS36="*", OR(HP35="*", HQ35="*",HR35="*")),1,"") | HW35: =IF(AND(HO36="*",OR(HP35="*",HQ35="*",HR35="*",HS35="*")),1,IF(AND(HS35="*",OR(HO36="*",HP36="*",HQ36="*",HR36="*")),1,"")) | HX35: =IF(AND(HP35="*",OR(HP36="*",HQ36="*",HR36="*")),1,IF(AND(HQ35="*",OR(HP36="*",HQ36="*",HR36="*")),1,IF(AND(HR35="*",OR(HP36="*",HQ36="*",HR36="*")),1,""))) | HY35: =IF(AND(HO35="*",HO36="*"),1,"") | IF35: =IF(AND(IA35="*",OR(IB36="*",IC36="*",ID36="*")), 1,"") | IG35: =IF(AND(IA35="*",IE36="*"),1,"") | IH35: =IF(AND(IE36="*", OR(IB35="*", IC35="*",ID35="*")),1,"") | II35: =IF(AND(IA36="*",OR(IB35="*",IC35="*",ID35="*",IE35="*")),1,IF(AND(IE35="*",OR(IA36="*",IB36="*",IC36="*",ID36="*")),1,"")) | IJ35: =IF(AND(IB35="*",OR(IB36="*",IC36="*",ID36="*")),1,IF(AND(IC35="*",OR(IB36="*",IC36="*",ID36="*")),1,IF(AND(ID35="*",OR(IB36="*",IC36="*",ID36="*")),1,""))) | IK35: =IF(AND(IA35="*",IA36="*"),1,"") | IL35: =COUNT(J35,V35,AH35,AT35,BF35,BS35,CE35,CQ35,DC35,DO35,EA35,EM35,EY35,FK35,FW35,GJ35,GV35,HH35,HT35,IF35) -> 0 | IM35: =COUNT(K35,W35,AI35,AU35,BG35,BT35,CF35,CR35,DD35,DP35,EB35,EN35,EZ35,FL35,FX35,GK35,GW35,HI35,HU35,IG35) -> 0 | IN35: =COUNT(L35,X35,AJ35,AV35,BH35,BU35,CG35,CS35,DE35,DQ35,EC35,EO35,FA35,FM35,FY35,GL35,GX35,HJ35,HV35,IH35) -> 0 | IO35: =COUNT(M35,Y35,AK35,AW35,BI35,BV35,CH35,CT35,DF35,DR35,ED35,EP35,FB35,FN35,FZ35,GM35,GY35,HK35,HW35,II35) -> 0 | IP35: =COUNT(N35,Z35,AL35,AX35,BJ35,BW35,CI35,CU35,DG35,DS35,EE35,EQ35,FC35,FO35,GA35,GN35,GZ35,HL35,HX35,IJ35) -> 0 | IQ35: =COUNT(O35,AA35,AM35,AY35,BK35,BX35,CJ35,CV35,DH35,DT35,EF35,ER35,FD35,FP35,GB35,GO35,HA35,HM35,HY35,IK35) -> 0
D36: 부정적 질문
B37: 18 | C37: =고객요구사항도출표!C22 -> 0 | D37: 긍정적 질문 | J37: =IF(AND(E37="*",OR(F38="*",G38="*",H38="*")), 1,"") | K37: =IF(AND(E37="*",I38="*"),1,"") | L37: =IF(AND(I38="*", OR(F37="*", G37="*",H37="*")),1,"") | M37: =IF(AND(E38="*",OR(F37="*",G37="*",H37="*",I37="*")),1,IF(AND(I37="*",OR(E38="*",F38="*",G38="*",H38="*")),1,"")) | N37: =IF(AND(F37="*",OR(F38="*",G38="*",H38="*")),1,IF(AND(G37="*",OR(F38="*",G38="*",H38="*")),1,IF(AND(H37="*",OR(F38="*",G38="*",H38="*")),1,""))) | O37: =IF(AND(E37="*",E38="*"),1,"") | V37: =IF(AND(Q37="*",OR(R38="*",S38="*",T38="*")), 1,"") | W37: =IF(AND(Q37="*",U38="*"),1,"") | X37: =IF(AND(U38="*", OR(R37="*", S37="*",T37="*")),1,"") | Y37: =IF(AND(Q38="*",OR(R37="*",S37="*",T37="*",U37="*")),1,IF(AND(U37="*",OR(Q38="*",R38="*",S38="*",T38="*")),1,"")) | Z37: =IF(AND(R37="*",OR(R38="*",S38="*",T38="*")),1,IF(AND(S37="*",OR(R38="*",S38="*",T38="*")),1,IF(AND(T37="*",OR(R38="*",S38="*",T38="*")),1,""))) | AA37: =IF(AND(Q37="*",Q38="*"),1,"") | AH37: =IF(AND(AC37="*",OR(AD38="*",AE38="*",AF38="*")), 1,"") | AI37: =IF(AND(AC37="*",AG38="*"),1,"") | AJ37: =IF(AND(AG38="*", OR(AD37="*", AE37="*",AF37="*")),1,"") | AK37: =IF(AND(AC38="*",OR(AD37="*",AE37="*",AF37="*",AG37="*")),1,IF(AND(AG37="*",OR(AC38="*",AD38="*",AE38="*",AF38="*")),1,"")) | AL37: =IF(AND(AD37="*",OR(AD38="*",AE38="*",AF38="*")),1,IF(AND(AE37="*",OR(AD38="*",AE38="*",AF38="*")),1,IF(AND(AF37="*",OR(AD38="*",AE38="*",AF38="*")),1,""))) | AM37: =IF(AND(AC37="*",AC38="*"),1,"") | AT37: =IF(AND(AO37="*",OR(AP38="*",AQ38="*",AR38="*")), 1,"") | AU37: =IF(AND(AO37="*",AS38="*"),1,"") | AV37: =IF(AND(AS38="*", OR(AP37="*", AQ37="*",AR37="*")),1,"") | AW37: =IF(AND(AO38="*",OR(AP37="*",AQ37="*",AR37="*",AS37="*")),1,IF(AND(AS37="*",OR(AO38="*",AP38="*",AQ38="*",AR38="*")),1,"")) | AX37: =IF(AND(AP37="*",OR(AP38="*",AQ38="*",AR38="*")),1,IF(AND(AQ37="*",OR(AP38="*",AQ38="*",AR38="*")),1,IF(AND(AR37="*",OR(AP38="*",AQ38="*",AR38="*")),1,""))) | AY37: =IF(AND(AO37="*",AO38="*"),1,"") | BF37: =IF(AND(BA37="*",OR(BB38="*",BC38="*",BD38="*")), 1,"") | BG37: =IF(AND(BA37="*",BE38="*"),1,"") | BH37: =IF(AND(BE38="*", OR(BB37="*", BC37="*",BD37="*")),1,"") | BI37: =IF(AND(BA38="*",OR(BB37="*",BC37="*",BD37="*",BE37="*")),1,IF(AND(BE37="*",OR(BA38="*",BB38="*",BC38="*",BD38="*")),1,"")) | BJ37: =IF(AND(BB37="*",OR(BB38="*",BC38="*",BD38="*")),1,IF(AND(BC37="*",OR(BB38="*",BC38="*",BD38="*")),1,IF(AND(BD37="*",OR(BB38="*",BC38="*",BD38="*")),1,""))) | BK37: =IF(AND(BA37="*",BA38="*"),1,"") | BS37: =IF(AND(BM37="*",OR(BN38="*",BO38="*",BP38="*")), 1,"") | BT37: =IF(AND(BM37="*",BQ38="*"),1,"") | BU37: =IF(AND(BQ38="*", OR(BN37="*", BO37="*",BP37="*")),1,"") | BV37: =IF(AND(BM38="*",OR(BN37="*",BO37="*",BP37="*",BQ37="*")),1,IF(AND(BQ37="*",OR(BM38="*",BN38="*",BO38="*",BP38="*")),1,"")) | BW37: =IF(AND(BN37="*",OR(BN38="*",BO38="*",BP38="*")),1,IF(AND(BO37="*",OR(BN38="*",BO38="*",BP38="*")),1,IF(AND(BP37="*",OR(BN38="*",BO38="*",BP38="*")),1,""))) | BX37: =IF(AND(BM37="*",BM38="*"),1,"") | CE37: =IF(AND(BZ37="*",OR(CA38="*",CB38="*",CC38="*")), 1,"") | CF37: =IF(AND(BZ37="*",CD38="*"),1,"") | CG37: =IF(AND(CD38="*", OR(CA37="*", CB37="*",CC37="*")),1,"") | CH37: =IF(AND(BZ38="*",OR(CA37="*",CB37="*",CC37="*",CD37="*")),1,IF(AND(CD37="*",OR(BZ38="*",CA38="*",CB38="*",CC38="*")),1,"")) | CI37: =IF(AND(CA37="*",OR(CA38="*",CB38="*",CC38="*")),1,IF(AND(CB37="*",OR(CA38="*",CB38="*",CC38="*")),1,IF(AND(CC37="*",OR(CA38="*",CB38="*",CC38="*")),1,""))) | CJ37: =IF(AND(BZ37="*",BZ38="*"),1,"") | CQ37: =IF(AND(CL37="*",OR(CM38="*",CN38="*",CO38="*")), 1,"") | CR37: =IF(AND(CL37="*",CP38="*"),1,"") | CS37: =IF(AND(CP38="*", OR(CM37="*", CN37="*",CO37="*")),1,"") | CT37: =IF(AND(CL38="*",OR(CM37="*",CN37="*",CO37="*",CP37="*")),1,IF(AND(CP37="*",OR(CL38="*",CM38="*",CN38="*",CO38="*")),1,"")) | CU37: =IF(AND(CM37="*",OR(CM38="*",CN38="*",CO38="*")),1,IF(AND(CN37="*",OR(CM38="*",CN38="*",CO38="*")),1,IF(AND(CO37="*",OR(CM38="*",CN38="*",CO38="*")),1,""))) | CV37: =IF(AND(CL37="*",CL38="*"),1,"") | DC37: =IF(AND(CX37="*",OR(CY38="*",CZ38="*",DA38="*")), 1,"") | DD37: =IF(AND(CX37="*",DB38="*"),1,"") | DE37: =IF(AND(DB38="*", OR(CY37="*", CZ37="*",DA37="*")),1,"") | DF37: =IF(AND(CX38="*",OR(CY37="*",CZ37="*",DA37="*",DB37="*")),1,IF(AND(DB37="*",OR(CX38="*",CY38="*",CZ38="*",DA38="*")),1,"")) | DG37: =IF(AND(CY37="*",OR(CY38="*",CZ38="*",DA38="*")),1,IF(AND(CZ37="*",OR(CY38="*",CZ38="*",DA38="*")),1,IF(AND(DA37="*",OR(CY38="*",CZ38="*",DA38="*")),1,""))) | DH37: =IF(AND(CX37="*",CX38="*"),1,"") | DO37: =IF(AND(DJ37="*",OR(DK38="*",DL38="*",DM38="*")), 1,"") | DP37: =IF(AND(DJ37="*",DN38="*"),1,"") | DQ37: =IF(AND(DN38="*", OR(DK37="*", DL37="*",DM37="*")),1,"") | DR37: =IF(AND(DJ38="*",OR(DK37="*",DL37="*",DM37="*",DN37="*")),1,IF(AND(DN37="*",OR(DJ38="*",DK38="*",DL38="*",DM38="*")),1,"")) | DS37: =IF(AND(DK37="*",OR(DK38="*",DL38="*",DM38="*")),1,IF(AND(DL37="*",OR(DK38="*",DL38="*",DM38="*")),1,IF(AND(DM37="*",OR(DK38="*",DL38="*",DM38="*")),1,""))) | DT37: =IF(AND(DJ37="*",DJ38="*"),1,"") | EA37: =IF(AND(DV37="*",OR(DW38="*",DX38="*",DY38="*")), 1,"") | EB37: =IF(AND(DV37="*",DZ38="*"),1,"") | EC37: =IF(AND(DZ38="*", OR(DW37="*", DX37="*",DY37="*")),1,"") | ED37: =IF(AND(DV38="*",OR(DW37="*",DX37="*",DY37="*",DZ37="*")),1,IF(AND(DZ37="*",OR(DV38="*",DW38="*",DX38="*",DY38="*")),1,"")) | EE37: =IF(AND(DW37="*",OR(DW38="*",DX38="*",DY38="*")),1,IF(AND(DX37="*",OR(DW38="*",DX38="*",DY38="*")),1,IF(AND(DY37="*",OR(DW38="*",DX38="*",DY38="*")),1,""))) | EF37: =IF(AND(DV37="*",DV38="*"),1,"") | EM37: =IF(AND(EH37="*",OR(EI38="*",EJ38="*",EK38="*")), 1,"") | EN37: =IF(AND(EH37="*",EL38="*"),1,"") | EO37: =IF(AND(EL38="*", OR(EI37="*", EJ37="*",EK37="*")),1,"") | EP37: =IF(AND(EH38="*",OR(EI37="*",EJ37="*",EK37="*",EL37="*")),1,IF(AND(EL37="*",OR(EH38="*",EI38="*",EJ38="*",EK38="*")),1,"")) | EQ37: =IF(AND(EI37="*",OR(EI38="*",EJ38="*",EK38="*")),1,IF(AND(EJ37="*",OR(EI38="*",EJ38="*",EK38="*")),1,IF(AND(EK37="*",OR(EI38="*",EJ38="*",EK38="*")),1,""))) | ER37: =IF(AND(EH37="*",EH38="*"),1,"") | EY37: =IF(AND(ET37="*",OR(EU38="*",EV38="*",EW38="*")), 1,"") | EZ37: =IF(AND(ET37="*",EX38="*"),1,"") | FA37: =IF(AND(EX38="*", OR(EU37="*", EV37="*",EW37="*")),1,"") | FB37: =IF(AND(ET38="*",OR(EU37="*",EV37="*",EW37="*",EX37="*")),1,IF(AND(EX37="*",OR(ET38="*",EU38="*",EV38="*",EW38="*")),1,"")) | FC37: =IF(AND(EU37="*",OR(EU38="*",EV38="*",EW38="*")),1,IF(AND(EV37="*",OR(EU38="*",EV38="*",EW38="*")),1,IF(AND(EW37="*",OR(EU38="*",EV38="*",EW38="*")),1,""))) | FD37: =IF(AND(ET37="*",ET38="*"),1,"") | FK37: =IF(AND(FF37="*",OR(FG38="*",FH38="*",FI38="*")), 1,"") | FL37: =IF(AND(FF37="*",FJ38="*"),1,"") | FM37: =IF(AND(FJ38="*", OR(FG37="*", FH37="*",FI37="*")),1,"") | FN37: =IF(AND(FF38="*",OR(FG37="*",FH37="*",FI37="*",FJ37="*")),1,IF(AND(FJ37="*",OR(FF38="*",FG38="*",FH38="*",FI38="*")),1,"")) | FO37: =IF(AND(FG37="*",OR(FG38="*",FH38="*",FI38="*")),1,IF(AND(FH37="*",OR(FG38="*",FH38="*",FI38="*")),1,IF(AND(FI37="*",OR(FG38="*",FH38="*",FI38="*")),1,""))) | FP37: =IF(AND(FF37="*",FF38="*"),1,"") | FW37: =IF(AND(FR37="*",OR(FS38="*",FT38="*",FU38="*")), 1,"") | FX37: =IF(AND(FR37="*",FV38="*"),1,"") | FY37: =IF(AND(FV38="*", OR(FS37="*", FT37="*",FU37="*")),1,"") | FZ37: =IF(AND(FR38="*",OR(FS37="*",FT37="*",FU37="*",FV37="*")),1,IF(AND(FV37="*",OR(FR38="*",FS38="*",FT38="*",FU38="*")),1,"")) | GA37: =IF(AND(FS37="*",OR(FS38="*",FT38="*",FU38="*")),1,IF(AND(FT37="*",OR(FS38="*",FT38="*",FU38="*")),1,IF(AND(FU37="*",OR(FS38="*",FT38="*",FU38="*")),1,""))) | GB37: =IF(AND(FR37="*",FR38="*"),1,"") | GJ37: =IF(AND(GD37="*",OR(GE38="*",GF38="*",GG38="*")), 1,"") | GK37: =IF(AND(GD37="*",GH38="*"),1,"") | GL37: =IF(AND(GH38="*", OR(GE37="*", GF37="*",GG37="*")),1,"") | GM37: =IF(AND(GD38="*",OR(GE37="*",GF37="*",GG37="*",GH37="*")),1,IF(AND(GH37="*",OR(GD38="*",GE38="*",GF38="*",GG38="*")),1,"")) | GN37: =IF(AND(GE37="*",OR(GE38="*",GF38="*",GG38="*")),1,IF(AND(GF37="*",OR(GE38="*",GF38="*",GG38="*")),1,IF(AND(GG37="*",OR(GE38="*",GF38="*",GG38="*")),1,""))) | GO37: =IF(AND(GD37="*",GD38="*"),1,"") | GV37: =IF(AND(GQ37="*",OR(GR38="*",GS38="*",GT38="*")), 1,"") | GW37: =IF(AND(GQ37="*",GU38="*"),1,"") | GX37: =IF(AND(GU38="*", OR(GR37="*", GS37="*",GT37="*")),1,"") | GY37: =IF(AND(GQ38="*",OR(GR37="*",GS37="*",GT37="*",GU37="*")),1,IF(AND(GU37="*",OR(GQ38="*",GR38="*",GS38="*",GT38="*")),1,"")) | GZ37: =IF(AND(GR37="*",OR(GR38="*",GS38="*",GT38="*")),1,IF(AND(GS37="*",OR(GR38="*",GS38="*",GT38="*")),1,IF(AND(GT37="*",OR(GR38="*",GS38="*",GT38="*")),1,""))) | HA37: =IF(AND(GQ37="*",GQ38="*"),1,"") | HH37: =IF(AND(HC37="*",OR(HD38="*",HE38="*",HF38="*")), 1,"") | HI37: =IF(AND(HC37="*",HG38="*"),1,"") | HJ37: =IF(AND(HG38="*", OR(HD37="*", HE37="*",HF37="*")),1,"") | HK37: =IF(AND(HC38="*",OR(HD37="*",HE37="*",HF37="*",HG37="*")),1,IF(AND(HG37="*",OR(HC38="*",HD38="*",HE38="*",HF38="*")),1,"")) | HL37: =IF(AND(HD37="*",OR(HD38="*",HE38="*",HF38="*")),1,IF(AND(HE37="*",OR(HD38="*",HE38="*",HF38="*")),1,IF(AND(HF37="*",OR(HD38="*",HE38="*",HF38="*")),1,""))) | HM37: =IF(AND(HC37="*",HC38="*"),1,"") | HT37: =IF(AND(HO37="*",OR(HP38="*",HQ38="*",HR38="*")), 1,"") | HU37: =IF(AND(HO37="*",HS38="*"),1,"") | HV37: =IF(AND(HS38="*", OR(HP37="*", HQ37="*",HR37="*")),1,"") | HW37: =IF(AND(HO38="*",OR(HP37="*",HQ37="*",HR37="*",HS37="*")),1,IF(AND(HS37="*",OR(HO38="*",HP38="*",HQ38="*",HR38="*")),1,"")) | HX37: =IF(AND(HP37="*",OR(HP38="*",HQ38="*",HR38="*")),1,IF(AND(HQ37="*",OR(HP38="*",HQ38="*",HR38="*")),1,IF(AND(HR37="*",OR(HP38="*",HQ38="*",HR38="*")),1,""))) | HY37: =IF(AND(HO37="*",HO38="*"),1,"") | IF37: =IF(AND(IA37="*",OR(IB38="*",IC38="*",ID38="*")), 1,"") | IG37: =IF(AND(IA37="*",IE38="*"),1,"") | IH37: =IF(AND(IE38="*", OR(IB37="*", IC37="*",ID37="*")),1,"") | II37: =IF(AND(IA38="*",OR(IB37="*",IC37="*",ID37="*",IE37="*")),1,IF(AND(IE37="*",OR(IA38="*",IB38="*",IC38="*",ID38="*")),1,"")) | IJ37: =IF(AND(IB37="*",OR(IB38="*",IC38="*",ID38="*")),1,IF(AND(IC37="*",OR(IB38="*",IC38="*",ID38="*")),1,IF(AND(ID37="*",OR(IB38="*",IC38="*",ID38="*")),1,""))) | IK37: =IF(AND(IA37="*",IA38="*"),1,"") | IL37: =COUNT(J37,V37,AH37,AT37,BF37,BS37,CE37,CQ37,DC37,DO37,EA37,EM37,EY37,FK37,FW37,GJ37,GV37,HH37,HT37,IF37) -> 0 | IM37: =COUNT(K37,W37,AI37,AU37,BG37,BT37,CF37,CR37,DD37,DP37,EB37,EN37,EZ37,FL37,FX37,GK37,GW37,HI37,HU37,IG37) -> 0 | IN37: =COUNT(L37,X37,AJ37,AV37,BH37,BU37,CG37,CS37,DE37,DQ37,EC37,EO37,FA37,FM37,FY37,GL37,GX37,HJ37,HV37,IH37) -> 0 | IO37: =COUNT(M37,Y37,AK37,AW37,BI37,BV37,CH37,CT37,DF37,DR37,ED37,EP37,FB37,FN37,FZ37,GM37,GY37,HK37,HW37,II37) -> 0 | IP37: =COUNT(N37,Z37,AL37,AX37,BJ37,BW37,CI37,CU37,DG37,DS37,EE37,EQ37,FC37,FO37,GA37,GN37,GZ37,HL37,HX37,IJ37) -> 0 | IQ37: =COUNT(O37,AA37,AM37,AY37,BK37,BX37,CJ37,CV37,DH37,DT37,EF37,ER37,FD37,FP37,GB37,GO37,HA37,HM37,HY37,IK37) -> 0
D38: 부정적 질문
